asin,title,price,rating,reviews,countryOfOrigin,category1,bsr1,category2,bsr2,category3,bsr3,variations,sellers,fulfillment,revenue30d,unitSales30d,url,image,isPrime,isSponsored,pageNum,scrapedAt
"B07JNF1YNK","Mom's Choice Gold Awards Winner - EUDEMON 1 Pack Childproof Oven Door Lock, Oven Front Lock Easy to Install & Heat-Resistant Material no Tools Need or Drill (Black)(ONLY for Flat Surface)","$9.99","4.4","15709","","Baby","385","Stove Safety Covers & Appliance Latches","1","","","2","1","FBA","$127,661.04","12,779","https://www.amazon.com/dp/B07JNF1YNK","https://images-na.ssl-images-amazon.com/images/I/51Q6g7tbPiL._AC_UL600_SR600,400_.jpg","false","false","1","2026-02-04T07:07:03.935Z"
"B07RLXSQHG","Mom's Choice Gold Awards Winner - Stove Knob Covers for Child Safety (5 + 1 Pack) Double-Key Design and Upgraded Universal Size Gas Knob Covers Clear View Childproof Oven Knob Covers for Kids and Pets","$17.99","4.3","6255","","Baby","782","Stove Safety Covers & Appliance Latches","2","","","1","2","FBA","$98,442.03","5,728","https://www.amazon.com/dp/B07RLXSQHG","https://images-na.ssl-images-amazon.com/images/I/714bPKYMbAL._AC_UL600_SR600,400_.jpg","false","false","1","2026-02-04T07:07:03.936Z"
"B0DPV6KQTW","Lwuzkdo 5-Pack Gas Stove Knob Locks for Toddler Safety, Durable Design Knob Safety Covers, Child Proof Oven Knob Locks, Prevent Accidental Touch(Black)","$7.99","4.5","599","","Baby","888","Stove Safety Covers & Appliance Latches","3","","","1","1","FBA","$34,483.97","4,316","https://www.amazon.com/dp/B0DPV6KQTW","https://images-na.ssl-images-amazon.com/images/I/71RCvLDDcXL._AC_UL600_SR600,400_.jpg","false","false","1","2026-02-04T07:07:03.937Z"
"B0B5VPJ4MD","5 Pack Child Proof Refrigerator Lock, QYESWHSR Fridge Locks for Kids with Sticky Adhesive Pads, Child Safety Locks for Doors, RV Refrigerator, Oven Lock Child Safety Baby Cabinet Locks - Grey Updated","$9.99","4.5","3262","","Baby","835","Stove Safety Covers & Appliance Latches","4","Child Safety Cabinet Locks","10","5","1","FBA","$86,874.78","8,581","https://www.amazon.com/dp/B0B5VPJ4MD","https://images-na.ssl-images-amazon.com/images/I/61xfx8SXcCL._AC_UL600_SR600,400_.jpg","false","false","1","2026-02-04T07:07:03.938Z"
"B0D7PSC4YQ","Mom's Choice Gold Awards Winner - EUDEMON 1 Pack Latest French Fridge Lock French Door Refrigerator/Freezer Lock Apply to Max 3.54""(90mm) Two Door Gap Distance for Kids & Babies,Easy to Install(Black)","$9.99","4.4","751","","Baby","1265","Stove Safety Covers & Appliance Latches","5","","","2","1","FBA","$39,909.24","3,995","https://www.amazon.com/dp/B0D7PSC4YQ","https://images-na.ssl-images-amazon.com/images/I/51KpLI6LPCL._AC_UL600_SR600,400_.jpg","false","false","1","2026-02-04T07:07:03.938Z"
"B0CGN7DGF8","RORMGO Refrigerator Lock 2 Packs, Fridge Lock with Silicone Wire Protection Fridge Locks for Kids Easy to Use and Install Cabinet Locks with Key, Black","$9.99","4.4","2648","","Baby","1310","Stove Safety Covers & Appliance Latches","6","","","9","1","FBA","$38,626.99","4,343","https://www.amazon.com/dp/B0CGN7DGF8","https://images-na.ssl-images-amazon.com/images/I/719P-vjS6sL._AC_UL600_SR600,400_.jpg","false","false","1","2026-02-04T07:07:03.939Z"
"B07HGKP64D","2025-26 Mom's Choice Winner- Gas Stove Knob Locks - Gray Silicone Stove Knob Safety Covers for Toddlers, Pets - Child Proof Universal Size Knobs - Baby Proofing Protectors for Electric Stoves- 5Pcs","$16.95","4.3","3672","","Baby","1401","Stove Safety Covers & Appliance Latches","7","","","5","1","FBA","$59,466.50","3,471","https://www.amazon.com/dp/B07HGKP64D","https://images-na.ssl-images-amazon.com/images/I/61IRWq-QwAL._AC_UL600_SR600,400_.jpg","false","false","1","2026-02-04T07:07:03.940Z"
"B0DDT2YH7B","Stove Knob Safety Covers, for Knob Diameter Less Than 2.4"", Unlock with Adult Two-Finger, Dual-Key Press Gas Stove Knob Locks, Upgraded Oven Lock Knob Covers for Child Safety, Black Color, Pack of 5","$15.99","4.5","681","","Baby","2033","Stove Safety Covers & Appliance Latches","8","","","4","1","FBA","$37,921.67","2,372","https://www.amazon.com/dp/B0DDT2YH7B","https://images-na.ssl-images-amazon.com/images/I/71z5AlrnGIL._AC_UL600_SR600,400_.jpg","false","false","1","2026-02-04T07:07:03.941Z"
"B09WQRJ351","EUDEMON 1 Pack Updated Child Proof Refrigerator/Fridge/Freezer Door Lock Apply to Max 1""(25mm) Sealing Strip for Toddlers and Kids, no Tools Need or Drill (White)","$9.99","4.6","7529","","Baby","797","Stove Safety Covers & Appliance Latches","9","","","2","1","FBA","$50,941.04","5,099","https://www.amazon.com/dp/B09WQRJ351","https://images-na.ssl-images-amazon.com/images/I/51D0+-3ULYL._AC_UL600_SR600,400_.jpg","false","false","1","2026-02-04T07:07:03.942Z"
"B09PDDLL7H","Stove Knob Covers for Child Safety - 5 Pack Babepai Upgraded Double-Key Design Universal Size Baby Safety Gas Oven Knob Covers Stove Guard Baby Proofing","$13.99","4.5","1931","","Baby","3069","Stove Safety Covers & Appliance Latches","10","","","2","1","FBA","$20,797.89","1,162","https://www.amazon.com/dp/B09PDDLL7H","https://images-na.ssl-images-amazon.com/images/I/71KpZWFaExL._AC_UL600_SR600,400_.jpg","false","false","1","2026-02-04T07:07:03.943Z"
"B0FMRCKMPH","HOIGRBOM Stove Knob Safety Covers, 6 Pack Universal Gas Stove Knob Covers, Heat-Resistant Baby Proof Stove Knob Covers, Gas Stove Knob Locks for Child Safety and Pet (Black)","$11.99","4.6","83","","Baby","3347","Stove Safety Covers & Appliance Latches","11","","","1","1","FBA","$21,728.98","2,072","https://www.amazon.com/dp/B0FMRCKMPH","https://images-na.ssl-images-amazon.com/images/I/71lijtadLOL._AC_UL600_SR600,400_.jpg","false","false","1","2026-02-04T07:07:03.943Z"
"B09TK19JVW","Mom's Choice Gold Awards Winner - SAFELON 1 Pcs Baby Safety Oven Door Lock, Double Button Oven Lock for Kitchen Safety (Black)","$9.99","4.3","1595","","Baby","3382","Stove Safety Covers & Appliance Latches","12","","","3","1","FBA","$13,265.95","1,328","https://www.amazon.com/dp/B09TK19JVW","https://images-na.ssl-images-amazon.com/images/I/51F+3eI1gYL._AC_UL600_SR600,400_.jpg","false","false","1","2026-02-04T07:07:03.944Z"
"B0C73D7PBG","EUDEMON 1 Pack Updated Oven Front Lock,Childproof Oven Door Lock, Easy to Install & Use Durable and Heat-Resistant Material no Tools Need or Drill(Black)","$9.98","4.2","873","","Baby","3426","Stove Safety Covers & Appliance Latches","13","","","2","1","FBA","$11,959.22","1,198","https://www.amazon.com/dp/B0C73D7PBG","https://images-na.ssl-images-amazon.com/images/I/51J80RSR84L._AC_UL600_SR600,400_.jpg","false","false","1","2026-02-04T07:07:03.945Z"
"B0FB374MGX","BSFHH Heat-Resistant Glass Stove Top Cover with Anti-Slip Rubber Coating – Electric Stove Protector, Scratch-Resistant, Expands Counter Space, Stylish Kitchen Decor (Tree)","$24.99","4.6","160","","Baby","3484","Stove Safety Covers & Appliance Latches","14","","","20","1","FBA","$27,611.88","1,105","https://www.amazon.com/dp/B0FB374MGX","https://images-na.ssl-images-amazon.com/images/I/81vcxsJIWBL._AC_UL600_SR600,400_.jpg","false","false","1","2026-02-04T07:07:03.946Z"
"B0DKG7B1GX","BABY PROOF ME Oven Lock Child Safety, 1 Pack, Oven Door Lock Child Safety, Oven Baby Proofing, Heat-Resistant, Durable & Easy to Install Oven Safety Locks for Toddlers, Baby Proof Oven (Black)","$9.95","4.0","211","","Baby","3507","Stove Safety Covers & Appliance Latches","15","","","3","1","FBA","$15,913.07","1,599","https://www.amazon.com/dp/B0DKG7B1GX","https://images-na.ssl-images-amazon.com/images/I/61HJKln4TtL._AC_UL600_SR600,400_.jpg","false","false","1","2026-02-04T07:07:03.947Z"
"B0FF4HY61Q","BBsecure Stove Knob Safety Covers - 5 Pack Heat Resistant Oven Knob Covers for Child Safety with 3M Strong Adhesive, Gas Stove Knob Covers with Dual-Button Locks & Visual Design, Black","$15.99","4.5","76","","Baby","3573","Stove Safety Covers & Appliance Latches","16","","","4","2","FBA","$15,776.58","975","https://www.amazon.com/dp/B0FF4HY61Q","https://images-na.ssl-images-amazon.com/images/I/71RC3ampniL._AC_UL600_SR600,400_.jpg","false","false","1","2026-02-04T07:07:03.948Z"
"B0DT1556M4","6 Pack Gas Stove Knob Locks, Silicone Oven Knob Safety Covers Baby Proof, Gas Stove Knob Covers for Baby and Pets Safety (Black)","","4.3","164","","Baby","4546","Stove Safety Covers & Appliance Latches","17","","","4","1","FBA","$5,774.80","892","https://www.amazon.com/dp/B0DT1556M4","https://images-na.ssl-images-amazon.com/images/I/51zUsdksuBL._AC_UL600_SR600,400_.jpg","false","false","1","2026-02-04T07:07:03.949Z"
"B01JA82UD2","Safety 1st Stove Knob Covers, 5 Count","$16.20","4.4","623","","Baby","4579","Stove Safety Covers & Appliance Latches","18","","","1","8","MERCH","$22,326.81","1,348","https://www.amazon.com/dp/B01JA82UD2","https://images-na.ssl-images-amazon.com/images/I/71em9cO4TgL._AC_UL600_SR600,400_.jpg","false","false","1","2026-02-04T07:07:03.950Z"
"B07Z3YZ9NG","Oven Lock Child Safety – Award Winning Self-Adhesive Baby Proofing Oven Door Latch, Easy Install Heat-Resistant Safety Lock by BeeGo (Black)","$9.99","4.5","6145","","Baby","4585","Stove Safety Covers & Appliance Latches","19","","","2","1","FBA","$10,009.98","1,002","https://www.amazon.com/dp/B07Z3YZ9NG","https://images-na.ssl-images-amazon.com/images/I/71K9TujzRLL._AC_UL600_SR600,400_.jpg","false","false","1","2026-02-04T07:07:03.951Z"
"B0CJF97H2D","Stove Knob Covers for Child Safety,AOSITE Upgraded Gas Knob Covers for Kids Stove Guard with Strong Adhesive, 5 Pack Durable Design Childproof Oven Knob Locks for Babies and Pets,No Screws or Drill","$15.99","4.5","546","","Baby","5422","Stove Safety Covers & Appliance Latches","20","","","2","1","FBA","$11,709.16","705","https://www.amazon.com/dp/B0CJF97H2D","https://images-na.ssl-images-amazon.com/images/I/71l4AAqx4JL._AC_UL600_SR600,400_.jpg","false","false","1","2026-02-04T07:07:03.952Z"
"B0FKMXSLRZ","Shularis Stove Knob Safety Covers, 5Pcs Fits 90% Oven/Stove 5 Heat Alert Stickers Oven Knob Covers for Child Safety, 2nd Gen Kitchen Burner Childproofing, Gas Stove Knob Locks for Kid Baby Pet (Clear)","$17.54","4.4","73","","Baby","5600","Stove Safety Covers & Appliance Latches","21","","","2","1","FBA","$14,736.24","821","https://www.amazon.com/dp/B0FKMXSLRZ","https://images-na.ssl-images-amazon.com/images/I/711FUKIbpeL._AC_UL600_SR600,400_.jpg","false","false","1","2026-02-04T07:07:03.953Z"
"B00068O22S","Safety 1st Child Proof Stove Knob Covers, Clear View Stove Knob Safety Covers (Set of 5)","$10.57","4.4","23599","","Baby","5862","Stove Safety Covers & Appliance Latches","22","","","1","14","AMZ","$27,435.35","1,799","https://www.amazon.com/dp/B00068O22S","https://images-na.ssl-images-amazon.com/images/I/81AatND23UL._AC_UL600_SR600,400_.jpg","false","false","1","2026-02-04T07:07:03.954Z"
"B0FJY477L1","Gas Stove Knob Covers – Heat-Resistant Baby Proof Stove Knob Covers, Universal Size Gas Stove Knob Locks, Stove Child Proof Knobs with Adhesive, Stove Safety Guard for Kids Toddler Pet(4 Pack)","$7.99","2.2","55","","Baby","6034","Stove Safety Covers & Appliance Latches","23","","","2","1","FBA","$5,332.51","621","https://www.amazon.com/dp/B0FJY477L1","https://images-na.ssl-images-amazon.com/images/I/61-5x42gvsL._AC_UL600_SR600,400_.jpg","false","false","1","2026-02-04T07:07:03.955Z"
"B0DBGWMBMD","6 Pack Child Proof Refrigerator Locks, Fridge Locks for Kids Safety, Freezer Door Latches with Sticky 3M Adhesives for Toddlers and Baby, Ideal for Upright Freezer, Ovens, Cabinets Door","$9.98","4.6","586","","Baby","4937","Stove Safety Covers & Appliance Latches","24","","","2","1","FBA","$10,030.01","1,088","https://www.amazon.com/dp/B0DBGWMBMD","https://images-na.ssl-images-amazon.com/images/I/71GcaWVgsHL._AC_UL600_SR600,400_.jpg","false","false","1","2026-02-04T07:07:03.956Z"
"B0DLSQL18Z","Silicone Stove Knob Safety Locks - Child Proof Oven Knob Locks (6 Pack)]","$7.99","4.2","45","","Baby","6300","Stove Safety Covers & Appliance Latches","25","","","1","1","FBA","$3,343.82","407","https://www.amazon.com/dp/B0DLSQL18Z","https://images-na.ssl-images-amazon.com/images/I/61K07gyiYNL._AC_UL600_SR600,400_.jpg","false","false","1","2026-02-04T07:07:03.957Z"
"B0DKFR7SJJ","Stove Knob Safety Covers for Child, Gas Stove Knob Locks (5 Pack)","$9.99","4.1","362","","Baby","6360","Stove Safety Covers & Appliance Latches","26","","","2","1","FBA","$9,006.38","941","https://www.amazon.com/dp/B0DKFR7SJJ","https://images-na.ssl-images-amazon.com/images/I/6163X-w6c6L._AC_UL600_SR600,400_.jpg","false","false","1","2026-02-04T07:07:03.958Z"
"B09FDP284K","GRENFU Stove Knob Covers for Child Safety (5 + 1 Pack) Gas Stove Knob Covers with Strong Adhesive Double-Sided Tape Oven Knob Covers for Child Safety Prevent Kids & Pets from Turning on Stoves Black","$16.95","4.2","2032","","Baby","6705","Stove Safety Covers & Appliance Latches","27","","","1","1","FBA","$7,747.73","445","https://www.amazon.com/dp/B09FDP284K","https://images-na.ssl-images-amazon.com/images/I/71nk-EBOJHL._AC_UL600_SR600,400_.jpg","false","false","1","2026-02-04T07:07:03.959Z"
"B0D16WV9GW","Clear Door Knob Safety Cover for Kids, 4 Pack Child Proof Door Knob Covers Fit More Color Knob Baby Proof Door Knob Covers Toddler Door Knob Cover Child Safety Door Knob Cover 2.7 X 2.3 Inches","$9.99","4.3","373","","Baby","6788","Stove Safety Covers & Appliance Latches","28","","","4","1","FBA","$7,382.60","706","https://www.amazon.com/dp/B0D16WV9GW","https://images-na.ssl-images-amazon.com/images/I/71vMei6HgML._AC_UL600_SR600,400_.jpg","false","false","1","2026-02-04T07:07:03.960Z"
"B0C4N9XYMS","EUDEMON Updated French Fridge Lock French Door Refrigerator/Freezer Lock Apply to Max 2.28""(58mm) Two Door Gap Distance,Cabinet Cupboard Lock for Kids & Babies,Easy to Install(1 Pack,Black)","$9.99","4.2","678","","Baby","6818","Stove Safety Covers & Appliance Latches","29","","","2","1","FBA","$5,582.99","559","https://www.amazon.com/dp/B0C4N9XYMS","https://images-na.ssl-images-amazon.com/images/I/51zl+1mqLtL._AC_UL600_SR600,400_.jpg","false","false","1","2026-02-04T07:07:03.962Z"
"B0DP7GY3M3","Stove Knob Safety Covers for Child 5-Pack Baby Proofing Kitchen Oven Knob Locks Universal Gas Burners Childproofing","$9.99","4.3","205","","Baby","7080","Stove Safety Covers & Appliance Latches","30","","","2","1","FBA","$4,913.33","453","https://www.amazon.com/dp/B0DP7GY3M3","https://images-na.ssl-images-amazon.com/images/I/71rwKnMMkvL._AC_UL600_SR600,400_.jpg","false","false","1","2026-02-04T07:07:03.963Z"
"B0G5262XPS","Stove Knob Safety Covers for Child (5 + 1 Pack), Upgraded Universal Size Press Gas Stove Knob Covers with Adhesive, Heat-Resistant Childproof Oven Locks for Kids and Pets (Clear)","$11.99","","","","Baby","7171","Stove Safety Covers & Appliance Latches","31","","","2","1","FBA","$627.59","58","https://www.amazon.com/dp/B0G5262XPS","https://images-na.ssl-images-amazon.com/images/I/71kbNr6iJ0L._AC_UL300_SR300,200_.jpg","false","false","1","2026-02-04T07:07:03.964Z"
"B0DKXK1RK2","Stove Knob Safety Covers Baby Proof, Gas Stove Knob Covers for Child Safety, (5Pack)","$9.99","4.1","104","","Baby","7349","Stove Safety Covers & Appliance Latches","32","","","1","1","FBA","$5,382.65","539","https://www.amazon.com/dp/B0DKXK1RK2","https://images-na.ssl-images-amazon.com/images/I/61+UUWOsroL._AC_UL300_SR300,200_.jpg","false","false","1","2026-02-04T07:07:03.965Z"
"B0D925QF9Z","GRENFU Stove Knob Safety Covers (5 + 1 Pack) - Double-Key, Universal Size Gas Stove Knob Locks with Strong Double-Sided Tape, Heat-Resistant Oven Knob Covers for Child Safety/Pet Safety, Clear View","$9.85","4.4","82","","Baby","7422","Stove Safety Covers & Appliance Latches","33","","","1","1","FBA","$2,505.18","250","https://www.amazon.com/dp/B0D925QF9Z","https://images-na.ssl-images-amazon.com/images/I/71FIKc0b-uL._AC_UL300_SR300,200_.jpg","false","false","1","2026-02-04T07:07:03.967Z"
"B0FHVGKFHF","EUDEMON 1 Pack Oven Lock,Baby Proofing Oven Door Lock, Child Safety Oven Front Lock, Easy to Install & Use no Tools Need or Drill (Black)","$9.99","3.3","49","","Baby","7459","Stove Safety Covers & Appliance Latches","34","","","2","1","FBA","$4,911.87","492","https://www.amazon.com/dp/B0FHVGKFHF","https://images-na.ssl-images-amazon.com/images/I/513d78cusXL._AC_UL300_SR300,200_.jpg","false","false","1","2026-02-04T07:07:03.968Z"
"B0F2SZTPCL","Oven Lock Child Safety - Premium Baby Proofing Oven Door Locks, Easy to Install & Use Durable and Heat-Resistant Material no Tools Need or Drill Oven Child Safety Lock (Black)","$8.99","4.5","22","","Baby","7584","Stove Safety Covers & Appliance Latches","35","","","1","1","FBA","$3,305.77","395","https://www.amazon.com/dp/B0F2SZTPCL","https://images-na.ssl-images-amazon.com/images/I/51id8KInUNL._AC_UL300_SR300,200_.jpg","false","false","1","2026-02-04T07:07:03.969Z"
"B0F4XKS83R","TENGYYY Stove Knob Safety Covers 5-Pack - Childproof & Pet Proof Locks for Gas/Electric Ovens, Heat-Resistant Clear Guards, Easy Damage-Free Install (Transparent Black)","$9.89","4.3","80","","Baby","7925","Stove Safety Covers & Appliance Latches","36","","","3","1","FBA","$3,179.03","339","https://www.amazon.com/dp/B0F4XKS83R","https://images-na.ssl-images-amazon.com/images/I/71I3Y--BlFL._AC_UL300_SR300,200_.jpg","false","false","1","2026-02-04T07:07:03.971Z"
"B0DQJ2BG74","Stove Knob Safety Covers, Gas Stove Knob Locks with Adhesive Universal Size Oven Knob Covers for Child Safety Gas Stove Knob Covers Baby Pet Child Proof Stove Knob Covers - 6pcs Clear","$9.99","3.6","69","","Baby","8410","Stove Safety Covers & Appliance Latches","37","","","2","1","FBA","$1,813.75","182","https://www.amazon.com/dp/B0DQJ2BG74","https://images-na.ssl-images-amazon.com/images/I/61J95sxlMbL._AC_UL300_SR300,200_.jpg","false","false","1","2026-02-04T07:07:03.972Z"
"B0CH9YVMKW","5-Pack Stove Knob Covers for Child Safety - Universal Size Gas Stove Knob Covers with Adhesive, Heat-Resistant Baby Proof Stove Knob Covers, Dual-Key Oven Knob Covers for Child Safety and Pet (Black)","$13.79","4.4","555","","Baby","8460","Stove Safety Covers & Appliance Latches","38","","","1","2","FBA","$5,954.70","391","https://www.amazon.com/dp/B0CH9YVMKW","https://images-na.ssl-images-amazon.com/images/I/71ILLTj8A+L._AC_UL300_SR300,200_.jpg","false","false","1","2026-02-04T07:07:03.973Z"
"B0D8173TRN","YTDSUP Oven Lock Child Safety (2 Pack),Oven Door Lock,Oven Front Lock, Baby Proofing, Baby and Child Proof Locks for Drawer Oven Stove Door, Upgrade Heat-Resistant Material, Easy to Install - Black","$9.79","3.8","159","","Baby","8754","Stove Safety Covers & Appliance Latches","39","","","4","1","FBA","$4,753.90","478","https://www.amazon.com/dp/B0D8173TRN","https://images-na.ssl-images-amazon.com/images/I/61UmoH41GDL._AC_UL300_SR300,200_.jpg","false","false","1","2026-02-04T07:07:03.975Z"
"B07R3YF9Q7","Refrigerator Lock,Fridge Lock with Keys,Freezer Lock and Refrigerator Lock for Child Proof,1Pack Black Fridge Lock","$11.89","4.7","3177","","Baby","8778","Stove Safety Covers & Appliance Latches","40","","","1","1","FBA","$4,489.95","372","https://www.amazon.com/dp/B07R3YF9Q7","https://images-na.ssl-images-amazon.com/images/I/81GD9rBvnlL._AC_UL300_SR300,200_.jpg","false","false","1","2026-02-04T07:07:03.976Z"
"B0DCZNTF31","Gas Stove Knob Locks, Gap-fit Pin for Stove Knobs, for Knob Gap at Least 0.27"", Baby Proofing Stove Knob Safety Covers, Stove Guard Clear, Pack of 5, with 1 Extra Piece for Back Up","$7.99","4.1","400","","Baby","8918","Stove Safety Covers & Appliance Latches","41","","","2","1","FBA","$2,341.35","293","https://www.amazon.com/dp/B0DCZNTF31","https://images-na.ssl-images-amazon.com/images/I/71Yc1+F0iVL._AC_UL300_SR300,200_.jpg","false","false","1","2026-02-04T07:07:03.977Z"
"B0FW3S2PKS","Lwuzkdo 2 Pack Dual Mode Fridge Locks, Upgraded Child Proof Refrigerator Lock with Sticky Adhensive Pads, Durable ABS Freezer Door Latch to Keep Door Closed, No Tools Need or Drill (Grey)","$5.99","4.6","51","","Baby","9139","Stove Safety Covers & Appliance Latches","42","","","2","1","FBA","$1,633.67","338","https://www.amazon.com/dp/B0FW3S2PKS","https://images-na.ssl-images-amazon.com/images/I/61Gi9UIld5L._AC_UL300_SR300,200_.jpg","false","false","1","2026-02-04T07:07:03.979Z"
"B01NCITV3L","Door Buddy Replacement Adhesive (6 Pack)","$4.99","4.7","1450","","Baby","9433","Stove Safety Covers & Appliance Latches","43","","","1","1","FBA","$1,860.35","373","https://www.amazon.com/dp/B01NCITV3L","https://images-na.ssl-images-amazon.com/images/I/81BMJFsJJvL._AC_UL300_SR300,200_.jpg","false","false","1","2026-02-04T07:07:03.980Z"
"B005XTCMSQ","Safety 1st Child Proof Stove Knob Covers, Stove Knob Safety Covers (Set of 5)","$16.45","4.4","14758","","Baby","9553","Stove Safety Covers & Appliance Latches","44","","","1","10","AMZ","$4,698.17","285","https://www.amazon.com/dp/B005XTCMSQ","https://images-na.ssl-images-amazon.com/images/I/71JR8+1ysEL._AC_UL300_SR300,200_.jpg","false","false","1","2026-02-04T07:07:03.982Z"
"B0F9YJV6LX","Stove Knob Safety Covers for Child (5 + 1 Pack), Upgraded Universal Size Press Gas Stove Knob Covers with Adhesive, Heat-Resistant Childproof Oven Locks for Kids and Pets (Clear)","$12.99","4.1","41","","Baby","9584","Stove Safety Covers & Appliance Latches","45","","","2","1","FBA","$7,213.95","545","https://www.amazon.com/dp/B0F9YJV6LX","https://images-na.ssl-images-amazon.com/images/I/71SvTd9t3UL._AC_UL300_SR300,200_.jpg","false","false","1","2026-02-04T07:07:03.983Z"
"B0D9LYXFLP","Gas Stove Safety Knob Lock, Baby Proof Stove Oven Locks, Kids Proof Stove Guard, Clear (Pack of 5)","$8.99","3.9","91","","Baby","9623","Stove Safety Covers & Appliance Latches","46","","","3","1","FBA","$819.86","88","https://www.amazon.com/dp/B0D9LYXFLP","https://images-na.ssl-images-amazon.com/images/I/718CTXHF9KL._AC_UL300_SR300,200_.jpg","false","false","1","2026-02-04T07:07:03.985Z"
"B0F2KH5YKH","5PCS Stove Knob Covers for Child Safety - Fits Knobs with Diameter Under 2.4"". Heat Resistant, Child Proof Lock with Strong Adhesive & Oil-Proof, Semi-Transparent Cover for Gas Stove and Oven Knobs","$16.99","4.2","46","","Baby","9751","Stove Safety Covers & Appliance Latches","47","","","2","1","FBA","$4,327.40","255","https://www.amazon.com/dp/B0F2KH5YKH","https://images-na.ssl-images-amazon.com/images/I/71YbsmmSoRL._AC_UL300_SR300,200_.jpg","false","false","1","2026-02-04T07:07:03.986Z"
"B0F6S4SG68","Stove Knob Safety Covers & Gas Stove Knob Locks - Childproof Oven Lock 5 Pack, Heat-Resistant ABS Stove Locks Child Safety Universal Fit Knob Covers","$9.99","4.6","51","","Baby","9756","Stove Safety Covers & Appliance Latches","48","","","2","1","FBA","$4,879.42","537","https://www.amazon.com/dp/B0F6S4SG68","https://images-na.ssl-images-amazon.com/images/I/51P0XGuInlL._AC_UL300_SR300,200_.jpg","false","false","1","2026-02-04T07:07:03.988Z"
"B0FN78L9BR","Stove Knob Safety Covers, (5+1Pack) Dual-Lucks Oven Knob Covers for Child Safety, Clear Vies, Universal Size (White)","$11.99","4.3","39","","Baby","10026","Stove Safety Covers & Appliance Latches","49","","","2","1","FBA","$3,113.63","240","https://www.amazon.com/dp/B0FN78L9BR","https://images-na.ssl-images-amazon.com/images/I/715aXwXQQVL._AC_UL300_SR300,200_.jpg","false","false","1","2026-02-04T07:07:03.989Z"
"B0DHRT87HZ","Stove Knob Safety Covers - Gas Stove Knob Locks & Oven Knob Covers for Child Safety, Baby Proofing Stove & Oven with Childproof Stove Knob Locks, Baby Proof Oven Lock, Gas Stove Child Safety Covers","$17.99","4.3","63","","Baby","10389","Stove Safety Covers & Appliance Latches","50","","","1","1","FBA","$4,000.61","260","https://www.amazon.com/dp/B0DHRT87HZ","https://images-na.ssl-images-amazon.com/images/I/81SCGpYNm9L._AC_UL300_SR300,200_.jpg","false","false","1","2026-02-04T07:07:03.991Z"
"B00AS693R2","Safety 1st Multi-Purpose Plastic Appliance Lock Decor, 2-Count (Packaging May Vary)","$7.24","3.9","5957","","Baby","10885","Stove Safety Covers & Appliance Latches","51","","","2","11","AMZ","$2,473.94","342","https://www.amazon.com/dp/B00AS693R2","https://images-na.ssl-images-amazon.com/images/I/71eR4s1RXIL._AC_UL600_SR600,400_.jpg","false","false","1","2026-02-04T07:08:19.335Z"
"B0FSWTY6SZ","2-Pack Oven Lock Child Safety - Oven Baby Proofing Door Lock with Heat-Resistant Adhesive, No Drill - Safety Locks for Ovens/Stoves/Dishwashers to Keep Toddlers Pet Safe (Check Size for Fit) (Black)","$9.99","4.3","38","","Baby","11467","Stove Safety Covers & Appliance Latches","52","","","2","1","FBA","$2,530.90","267","https://www.amazon.com/dp/B0FSWTY6SZ","https://images-na.ssl-images-amazon.com/images/I/5110UTmtrvL._AC_UL600_SR600,400_.jpg","false","false","1","2026-02-04T07:08:19.336Z"
"B0DPHHW88J","SDSNTE Adjustable Child Safety Stove Guard - Heavy-Duty Heat- Resistant Child Proof Stove Guard That Protects from Burns and Scalds 17”-34”","$27.99","3.8","60","","Baby","11688","Stove Safety Covers & Appliance Latches","53","","","1","1","FBA","$7,581.58","271","https://www.amazon.com/dp/B0DPHHW88J","https://images-na.ssl-images-amazon.com/images/I/71sPydqRDaL._AC_UL600_SR600,400_.jpg","false","false","1","2026-02-04T07:08:19.336Z"
"B097ZL119N","ELCOOR Refrigerator Door Handle Covers, Set of 6, Keep Your Kitchen Appliance Clean from Food Stains, Smudges, Drips, Oil, Washable and Form-Fitting, Protector for Fridge, Ovens, Dishwashers(Grey)","$14.99","4.4","1101","","Baby","11870","Stove Safety Covers & Appliance Latches","54","","","4","1","FBA","$3,302.82","220","https://www.amazon.com/dp/B097ZL119N","https://images-na.ssl-images-amazon.com/images/I/81HEJDrITBL._AC_UL600_SR600,400_.jpg","false","false","1","2026-02-04T07:08:19.337Z"
"B07DN895WP","Door Knob Safety Cover for Kids, Child Proof Door Knob Covers, Baby Safety Door knob Handle Cover Lockable Design (4 Pack)","$8.99","4.2","3664","","Baby","10959","Stove Safety Covers & Appliance Latches","55","","","2","1","FBA","$2,572.84","297","https://www.amazon.com/dp/B07DN895WP","https://images-na.ssl-images-amazon.com/images/I/61SKNcC4VEL._AC_UL600_SR600,400_.jpg","false","false","1","2026-02-04T07:08:19.338Z"
"B0FDKTHK6K","Upgraded Gas Stove Knob Covers Locks for Child Safety, Universal Size Gas Stove Knob Cover with 3M Adhesive, Baby Proof Prevent Accidental-6 Pack","$13.99","4.5","76","","Baby","12047","Stove Safety Covers & Appliance Latches","56","","","2","1","FBA","$3,177.25","256","https://www.amazon.com/dp/B0FDKTHK6K","https://images-na.ssl-images-amazon.com/images/I/81gR1uN9X1L._AC_UL600_SR600,400_.jpg","false","false","1","2026-02-04T07:08:19.338Z"
"B0D3GL91SR","2 Pack Refrigerator Door Lock with Adhesive, No Tools Required, Child Proof Fridge Door Lock for Kids and Pets, Self Adhesive Latch for Freezer, Cabinets, Drawers, Windows (Patent)","$7.98","4.5","576","","Baby","11338","Stove Safety Covers & Appliance Latches","57","","","3","4","FBA","$2,006.04","243","https://www.amazon.com/dp/B0D3GL91SR","https://images-na.ssl-images-amazon.com/images/I/81UQQflxp+L._AC_UL600_SR600,400_.jpg","false","false","1","2026-02-04T07:08:19.339Z"
"B08LVBY99Z","EUDEMON Child Safety Heat-Resistant Oven Door Lock, Oven Front Lock for Kids Easy to Install, Use Adhesive,No Screws or Drill (1 Pack,Clear-Black)(ONLY for Flat Surface)","$9.99","4.3","4003","","Baby","13036","Stove Safety Covers & Appliance Latches","58","Child Safety Guards & Locks","233","4","1","FBA","$1,828.56","183","https://www.amazon.com/dp/B08LVBY99Z","https://images-na.ssl-images-amazon.com/images/I/61aAYeqldYL._AC_UL600_SR600,400_.jpg","false","false","1","2026-02-04T07:08:19.340Z"
"B0BQC271LP","Gas Stove Knob Locks Protecting Kids and Pets; Oven Knob Covers for Child Safety (5 Pack,Black)","$7.99","3.9","2659","","Baby","13093","Stove Safety Covers & Appliance Latches","59","","","3","1","FBA","$1,608.98","108","https://www.amazon.com/dp/B0BQC271LP","https://images-na.ssl-images-amazon.com/images/I/71WXamY2UhL._AC_UL600_SR600,400_.jpg","false","false","1","2026-02-04T07:08:19.341Z"
"B0DKD2HWT5","MCOTOP Oven Lock Child Safety (2Pack), Premium Baby Proofing Oven Door Locks, Easy to Install & Use Durable and Heat-Resistant Material no Tools Need or Drill Oven Child Safety Lock, (Black)","$9.95","4.2","104","","Baby","13427","Stove Safety Covers & Appliance Latches","60","","","2","1","FBA","$965.14","82","https://www.amazon.com/dp/B0DKD2HWT5","https://images-na.ssl-images-amazon.com/images/I/61UAtSawBhL._AC_UL600_SR600,400_.jpg","false","false","1","2026-02-04T07:08:19.341Z"
"B0F2GHQBH7","Bates- Stove Knob Safety Covers, Universal Size, 5 Pack, Black, Double Key Design, Heat Resistant Oven Knob Covers for Child Safety, Stove Guard Baby Proofing","$6.99","4.0","2","","Baby","14247","Stove Safety Covers & Appliance Latches","61","","","1","1","FBA","$148.54","20","https://www.amazon.com/dp/B0F2GHQBH7","https://images-na.ssl-images-amazon.com/images/I/71y-qiWW1aL._AC_UL600_SR600,400_.jpg","false","false","1","2026-02-04T07:08:19.342Z"
"B0DLKKYJV6","YTDSUP Locks for Gas Stove knobs (5 Pack), Gas Stove Knob Locks for Child Safety, Child Proof Oven Knob Locks, Oven Knob Safety, Upgraded - Black","$5.99","3.5","58","","Baby","14579","Stove Safety Covers & Appliance Latches","62","","","3","1","FBA","$820.77","122","https://www.amazon.com/dp/B0DLKKYJV6","https://images-na.ssl-images-amazon.com/images/I/71YVXc0w3JL._AC_UL600_SR600,400_.jpg","false","false","1","2026-02-04T07:08:19.343Z"
"B0D8W28RM7","Heart of Tafiti 5 Pack Fridge Lock, Child Proof Refrigerator Lock, French Fridge Door Latches, Baby Safety Locks for Cabinet, Cupboard, Drawers, Oven, Closet, Strong Adhesive-Easy to Install, Grey","$9.99","4.6","263","","Baby","14982","Stove Safety Covers & Appliance Latches","63","","","4","1","FBA","$2,021.29","207","https://www.amazon.com/dp/B0D8W28RM7","https://images-na.ssl-images-amazon.com/images/I/61g-KcJjUzL._AC_UL600_SR600,400_.jpg","false","false","1","2026-02-04T07:08:19.343Z"
"B0DT4RW4WW","Stove Knob Safety Covers (5 Pack) – Oven Knob Covers for Child Safety – Prevent Kids from Turning on Stoves – Gas Stove Knob Locks with Pre-Applied Adhesive – No Tools Needed for Install","$15.99","4.8","45","","Baby","15208","Stove Safety Covers & Appliance Latches","64","","","1","1","FBA","$1,524.79","95","https://www.amazon.com/dp/B0DT4RW4WW","https://images-na.ssl-images-amazon.com/images/I/81j7NwvnFzL._AC_UL600_SR600,400_.jpg","false","false","1","2026-02-04T07:08:19.344Z"
"B0DFM9GYS3","Gas Stove Knob Locks, 5 Pack Stove Knob Locks for Child Safety, Heat-Resistant, Baby Proof Oven Knob Covers Lock for Kids and Pets (Black)","$6.99","4.0","58","","Baby","15579","Stove Safety Covers & Appliance Latches","65","","","2","1","FBA","$392.16","46","https://www.amazon.com/dp/B0DFM9GYS3","https://images-na.ssl-images-amazon.com/images/I/711oiI6W7XL._AC_UL600_SR600,400_.jpg","false","false","1","2026-02-04T07:08:19.345Z"
"B084NZLX89","Door Knob Safety Cover for Kids (4 Pack) New Shape & Structure Design Child Door Knob Covers Prevent Children from Opening Doors Baby Safety Door Knob Locks Fit Most Knobs","$8.99","4.4","1844","","Baby","15647","Stove Safety Covers & Appliance Latches","66","","","2","1","FBA","$1,787.10","163","https://www.amazon.com/dp/B084NZLX89","https://images-na.ssl-images-amazon.com/images/I/6122kwd1JrL._AC_UL600_SR600,400_.jpg","false","false","1","2026-02-04T07:08:19.346Z"
"B0D6VNDYF8","Moonybaby Door Knob Cover for Child Safety, Baby Proof Safety Locks for Doors, No Toxic, No Polluting, Odorless PP Fiber Material, No Tool Easy Install (4 Pack)","$4.49","4.1","61","","Baby","16009","Stove Safety Covers & Appliance Latches","67","","","1","1","FBA","$217.02","44","https://www.amazon.com/dp/B0D6VNDYF8","https://images-na.ssl-images-amazon.com/images/I/61nKnLSytxL._AC_UL600_SR600,400_.jpg","false","false","1","2026-02-04T07:08:19.347Z"
"B0DNSLRFW1","Small Size Gas Stove Knob Safety Covers: 6Pcs Child Proof Stove Covers Diameter 0.14 inches, Non-Universal Compact Size Baby Proof Oven knobs Locks for Only Height Under 1.65""","$9.99","3.3","254","","Baby","16247","Stove Safety Covers & Appliance Latches","68","","","2","1","FBA","$2,726.68","273","https://www.amazon.com/dp/B0DNSLRFW1","https://images-na.ssl-images-amazon.com/images/I/61ZBgKjoWaL._AC_UL600_SR600,400_.jpg","false","false","1","2026-02-04T07:08:19.348Z"
"B0DLKQDFP7","MCOTOP Gas Stove Knob Locks, Stove Knob Safety Covers for Child, Prevent Kids Pets from Turning on Stoves - Black-5 Pack","$4.99","4.0","97","","Baby","16352","Stove Safety Covers & Appliance Latches","69","","","1","1","FBA","$594.75","118","https://www.amazon.com/dp/B0DLKQDFP7","https://images-na.ssl-images-amazon.com/images/I/71MNFTAM2WL._AC_UL600_SR600,400_.jpg","false","false","1","2026-02-04T07:08:19.348Z"
"B009UQPRFS","Safety 1st Multi-Purpose Latch,White 2-Count","$6.28","4.2","1286","","Baby","16381","Stove Safety Covers & Appliance Latches","70","","","2","4","AMZ","$1,000.06","159","https://www.amazon.com/dp/B009UQPRFS","https://images-na.ssl-images-amazon.com/images/I/71KEzooAinL._AC_UL600_SR600,400_.jpg","false","false","1","2026-02-04T07:08:19.349Z"
"B0FS6FZNTT","AOHMPT Multi-Design Silicone Stove Cover for Glass/Electric Stoves - 3-in-1 Heat-Resistant Protector Mat, Non-Slip Drying Rack 30"" x 21"" (Grateful)","$26.99","4.6","156","","Baby","16466","Stove Safety Covers & Appliance Latches","71","","","21","1","FBA","$19,210.37","765","https://www.amazon.com/dp/B0FS6FZNTT","https://images-na.ssl-images-amazon.com/images/I/81uMoy4xmAL._AC_UL600_SR600,400_.jpg","false","false","1","2026-02-04T07:08:19.350Z"
"B0B5X3VYVC","CLYMENE Refrigerator Fridge Freezer Door Lock for Kids, Child Proof Refrigerator Latch Lock to Keep Door Closed, No Tools Required and Easy Installation (White)","$9.99","4.4","1588","","Baby","16976","Stove Safety Covers & Appliance Latches","72","","","2","1","FBA","$1,128.16","113","https://www.amazon.com/dp/B0B5X3VYVC","https://images-na.ssl-images-amazon.com/images/I/518eJmN5RBL._AC_UL600_SR600,400_.jpg","false","false","1","2026-02-04T07:08:19.351Z"
"B07JNMZZHX","Uxoz Door Knob Safety Cover, 4 Pack Baby Safety Door Handle Cover, Screw Thread Design, Reusable, Reliable Solution to Prevent Kids from Popping Off The Covers","$15.99","4.1","450","","Baby","17241","Stove Safety Covers & Appliance Latches","73","","","3","1","FBA","$2,548.52","159","https://www.amazon.com/dp/B07JNMZZHX","https://images-na.ssl-images-amazon.com/images/I/61X0uZlLNqL._AC_UL600_SR600,400_.jpg","false","false","1","2026-02-04T07:08:19.352Z"
"B0FWQD8KPN","4 Pack Gas Stove Knob Covers – Heat-Resistant Baby Proof Stove Knob Locks with Universal Size, Stove Child Proof Knobs with Adhesive, Stove Safety Guard for Kids Toddler Pet(Transparent)","$7.99","3.1","4","","Baby","17247","Stove Safety Covers & Appliance Latches","74","","","2","1","FBA","$476.50","54","https://www.amazon.com/dp/B0FWQD8KPN","https://images-na.ssl-images-amazon.com/images/I/71pBKsFiG4L._AC_UL600_SR600,400_.jpg","false","false","1","2026-02-04T07:08:19.353Z"
"B0BWMTY8D1","Qinzcp 2 Pack Updated Baby Safety Proof Fridge Latch Lock to Keep Door Closed,Childproof Refrigerator/Fridge/Freezer Door Lock for Toddlers and Kids,no Tools Need or Drill(White)","$15.99","4.4","266","","Baby","17845","Stove Safety Covers & Appliance Latches","75","","","4","1","FBA","$1,455.88","100","https://www.amazon.com/dp/B0BWMTY8D1","https://images-na.ssl-images-amazon.com/images/I/51koaA+oslL._AC_UL600_SR600,400_.jpg","false","false","1","2026-02-04T07:08:19.353Z"
"B0F3Y2S9CS","5 + 1 Packs Stove Knob Safety Covers for Child, Childproof Oven Door Lock, Baby Proofing Kitchen Gas Range Oven Knobs Locks, Black","$11.99","4.2","64","","Baby","17973","Stove Safety Covers & Appliance Latches","76","","","1","1","FBA","$1,284.39","107","https://www.amazon.com/dp/B0F3Y2S9CS","https://images-na.ssl-images-amazon.com/images/I/71fHPz5WNOL._AC_UL600_SR600,400_.jpg","false","false","1","2026-02-04T07:08:19.354Z"
"B0FLDPS27G","6-Pack Stove Knob Safety Covers - Gas Oven Knob Locks for Diameter Under 2.7 inch, Heat Resistant & Adhesive Base (Black)","$15.99","4.4","48","","Baby","18031","Stove Safety Covers & Appliance Latches","77","","","2","4","FBA","$1,890.40","141","https://www.amazon.com/dp/B0FLDPS27G","https://images-na.ssl-images-amazon.com/images/I/71NgLF+NKmL._AC_UL600_SR600,400_.jpg","false","false","1","2026-02-04T07:08:19.355Z"
"B0DZNKNQ83","TWQA 5-Pack Stove Knob Safety Covers,Upgraded Press Gas Stove Knob Locks,Durable Design Childproof Knob Locks for Babies and Pets, Sticky and Easy to Install,Transparent","$17.99","4.4","112","","Baby","19088","Stove Safety Covers & Appliance Latches","78","","","3","1","FBA","$1,288.96","72","https://www.amazon.com/dp/B0DZNKNQ83","https://images-na.ssl-images-amazon.com/images/I/61tA-4OkXLL._AC_UL600_SR600,400_.jpg","false","false","1","2026-02-04T07:08:19.356Z"
"B0CCYKX7XP","Gas Stove Knob Lock, Baby Proof Oven Knobs Covers Lock for Child Safety (5 Pack) Black…","$6.99","4.1","344","","Baby","19349","Stove Safety Covers & Appliance Latches","79","","","2","1","FBA","$1,447.38","129","https://www.amazon.com/dp/B0CCYKX7XP","https://images-na.ssl-images-amazon.com/images/I/61u6pMFnBEL._AC_UL600_SR600,400_.jpg","false","false","1","2026-02-04T07:08:19.357Z"
"B0D9LYS75S","Stove Knobs Locks for Child Safety (6 Pack), Baby Safety Gas Oven Knob Covers Stove Guard Baby Proofing","$9.99","4.0","43","","Baby","19430","Stove Safety Covers & Appliance Latches","80","","","5","1","FBA","$713.71","79","https://www.amazon.com/dp/B0D9LYS75S","https://images-na.ssl-images-amazon.com/images/I/71-5KlTusML._AC_UL600_SR600,400_.jpg","false","false","1","2026-02-04T07:08:19.358Z"
"B0FSJB4M8R","BSFHH Heat-Resistant Glass Stove Top Cover with Anti-Slip Rubber Coating – Electric Stove Protector, Scratch-Resistant, Expands Counter Space, Stylish Kitchen Decor (Cat, 30"" x 21"")","$26.99","5.0","10","","Baby","19452","Stove Safety Covers & Appliance Latches","81","","","13","1","FBA","$2,116.44","78","https://www.amazon.com/dp/B0FSJB4M8R","https://images-na.ssl-images-amazon.com/images/I/81BJR-jBO1L._AC_UL300_SR300,200_.jpg","false","false","1","2026-02-04T07:08:19.359Z"
"B0BTCVNMG2","EUDEMON 4 Pack Updated Door Knob Cover Baby Safety Door Lock Childproof Safety Cover Door Handle Cover for Kids Safety (Clear-Black)","$12.99","4.1","347","","Baby","19847","Stove Safety Covers & Appliance Latches","82","","","2","1","FBA","$851.53","66","https://www.amazon.com/dp/B0BTCVNMG2","https://images-na.ssl-images-amazon.com/images/I/61OB7PX5mqL._AC_UL300_SR300,200_.jpg","false","false","1","2026-02-04T07:08:19.360Z"
"B09WZYBSQ3","Moonybaby Childproof Oven Door Lock, Child Safety Oven Front Lock(ONLY for Flat Surface), Heat-Resistant, No Tool Needed, Jet Black","$9.99","4.4","528","","Baby","19928","Stove Safety Covers & Appliance Latches","83","","","1","1","FBA","$922.41","92","https://www.amazon.com/dp/B09WZYBSQ3","https://images-na.ssl-images-amazon.com/images/I/41uWLs94wuL._AC_UL300_SR300,200_.jpg","false","false","1","2026-02-04T07:08:19.361Z"
"B07NV1SRV8","Black - Door knob Baby Safety Cover - 5 Pack - Deter Little Kids from Opening Doors with A Child Proof Door Handle Lock - Driddle","$19.99","4.4","172","","Baby","20080","Stove Safety Covers & Appliance Latches","84","","","1","1","FBA","$2,219.33","138","https://www.amazon.com/dp/B07NV1SRV8","https://images-na.ssl-images-amazon.com/images/I/51gAytxpi4L._AC_UL300_SR300,200_.jpg","false","false","1","2026-02-04T07:08:19.362Z"
"B0CRRRP17J","Stove Knob Lock for Child Safety and Proofing (5 Pack), Oven Knob Safety Covers for Kids and Pets(Black)","$7.99","4.1","335","","Baby","20169","Stove Safety Covers & Appliance Latches","85","","","2","1","FBA","$1,455.71","123","https://www.amazon.com/dp/B0CRRRP17J","https://images-na.ssl-images-amazon.com/images/I/71AgdpoblmL._AC_UL300_SR300,200_.jpg","false","false","1","2026-02-04T07:08:19.363Z"
"B07NV1W4SL","New & Improved - Door knob Baby Safety Cover - 5 Pack - Deter Little Kids from Opening Doors with A Child Proof Door Handle Lock","$14.99","4.2","722","","Baby","20436","Stove Safety Covers & Appliance Latches","86","","","1","2","FBA","$1,080.48","57","https://www.amazon.com/dp/B07NV1W4SL","https://images-na.ssl-images-amazon.com/images/I/91Z9-Dr68TL._AC_UL300_SR300,200_.jpg","false","false","1","2026-02-04T07:08:19.365Z"
"B0F1TBY2S6","Child Safety Stove Knob Covers Fits knobs Under 1.56 inches in Diameter and 2.1 inches in Height Waterproof, Oil-Resistant, and Heat-Resistant (5-Pack)","$9.99","4.5","215","","Baby","20459","Stove Safety Covers & Appliance Latches","87","","","3","1","FBA","$2,117.62","209","https://www.amazon.com/dp/B0F1TBY2S6","https://images-na.ssl-images-amazon.com/images/I/71nmFm9MG5L._AC_UL300_SR300,200_.jpg","false","false","1","2026-02-04T07:08:19.366Z"
"B0CGCZDHRD","Windspeed 1.8x3.1 Inch Childproof Oven Door Lock 2 Pack Updated Oven Front Lock Child Safety Oven Lock Baby Proofing","$15.69","4.1","80","","Baby","21402","Stove Safety Covers & Appliance Latches","88","","","1","1","FBA","$1,391.65","89","https://www.amazon.com/dp/B0CGCZDHRD","https://images-na.ssl-images-amazon.com/images/I/61r9OAjQuML._AC_UL300_SR300,200_.jpg","false","false","1","2026-02-04T07:08:19.367Z"
"B07NV82Q75","New & Improved - Door knob Baby Safety Cover - 5 Pack - Deter Little Kids from Opening Doors with A Child Proof Door Handle Lock - Driddle","$14.99","4.3","562","","Baby","21635","Stove Safety Covers & Appliance Latches","89","","","1","1","FBA","$1,714.21","114","https://www.amazon.com/dp/B07NV82Q75","https://images-na.ssl-images-amazon.com/images/I/817mrZq1pZL._AC_UL300_SR300,200_.jpg","false","false","1","2026-02-04T07:08:19.368Z"
"B0C5LWL7SC","4Pcs Children Safety Button Security Lock Child Proof Car Computer Washing Machine Dryer Dishwasher Stove Key Start Button Protection Cover Baby Safety Lock Pressing Device with Adhesive Installation","$9.79","3.7","44","","Baby","22017","Stove Safety Covers & Appliance Latches","90","","","1","2","FBA","$828.38","84","https://www.amazon.com/dp/B0C5LWL7SC","https://images-na.ssl-images-amazon.com/images/I/61fGbgCupKL._AC_UL300_SR300,200_.jpg","false","false","1","2026-02-04T07:08:19.369Z"
"B0FL2NTMD3","Snowharp Knob Switch Child Proof Oven Lock Baby Safety Oven Door Lock for Toddlers Heat-resistant Adhesive no Tools Need or Drill (Black-1Pcs)","$6.99","4.5","31","","Baby","22660","Stove Safety Covers & Appliance Latches","91","","","4","1","FBA","$685.99","94","https://www.amazon.com/dp/B0FL2NTMD3","https://images-na.ssl-images-amazon.com/images/I/71+nmS978nL._AC_UL300_SR300,200_.jpg","false","false","1","2026-02-04T07:08:19.370Z"
"B07QSWD8BK","6 Pack Clear Stove Knob Safety Covers - Protect Little Kids with A Child Proof Lock for Oven/Stove Top/Gas Range - Baby/Toddler Kitchen Safety Guard - Check Dimensions.","$24.99","4.2","1660","","Baby","22673","Stove Safety Covers & Appliance Latches","92","","","1","1","FBA","$1,725.68","69","https://www.amazon.com/dp/B07QSWD8BK","https://images-na.ssl-images-amazon.com/images/I/81fwwbb0WrL._AC_UL300_SR300,200_.jpg","false","false","1","2026-02-04T07:08:19.372Z"
"B0FS1C2YGN","AOHMPT Multi-Design Stove Top Cover for Glass/Electric Stoves - 3-in-1 Heat-Resistant Protector Mat, Non-Slip Drying Rack 28""x20"" (Wood Grain, 28"" L x 20"" W)","$24.99","4.5","42","","Baby","23084","Stove Safety Covers & Appliance Latches","93","","","26","1","FBA","$3,030.85","121","https://www.amazon.com/dp/B0FS1C2YGN","https://images-na.ssl-images-amazon.com/images/I/815IS7x0O+L._AC_UL300_SR300,200_.jpg","false","false","1","2026-02-04T07:08:19.373Z"
"B0DFVZVDWM","Stove Knob Safety Locks – Gas Stove Oven Knob Safety Covers –Child and Pets Proofing Locks (5 Pack) Black","$7.98","4.5","25","","Baby","23300","Stove Safety Covers & Appliance Latches","94","","","1","1","FBA","$309.53","39","https://www.amazon.com/dp/B0DFVZVDWM","https://images-na.ssl-images-amazon.com/images/I/714PVmVFAwL._AC_UL300_SR300,200_.jpg","false","false","1","2026-02-04T07:08:19.374Z"
"B0D2XHC9YZ","5 Pack Stove Knob Locks,Gas Stove Knob Lock for Baby Safety,Child and Pets Safety Guards,Prevent Children or Pets from Accidentally Turning on Gas Stove","$14.99","4.3","153","","Baby","23355","Stove Safety Covers & Appliance Latches","95","","","1","1","FBA","$846.11","56","https://www.amazon.com/dp/B0D2XHC9YZ","https://images-na.ssl-images-amazon.com/images/I/71gkOYP5JmL._AC_UL300_SR300,200_.jpg","false","false","1","2026-02-04T07:08:19.375Z"
"B0DGCNB36M","Jinyeda Gas Stove Knob Locks, 5 Pack Oven knob Covers for Child Safety, Child Proof Stove Knob Covers, Prevent Children or Pets from Accidentally Turning on Gas Stove (Black)","$6.99","3.5","3","","Baby","23453","Stove Safety Covers & Appliance Latches","96","","","1","1","FBA","$243.12","24","https://www.amazon.com/dp/B0DGCNB36M","https://images-na.ssl-images-amazon.com/images/I/71Kb8IOTTtL._AC_UL300_SR300,200_.jpg","false","false","1","2026-02-04T07:08:19.376Z"
"B0BKKC1BRH","Heart of Tafiti Fridge Lock for Kids, Refrigerator Lock Child Proof, Freezer Latches to Keep Door Closed, One Handed Operation, Strong Adhesive Tapes Included, Grey","$9.99","4.5","242","","Baby","23501","Stove Safety Covers & Appliance Latches","97","","","4","1","FBA","$775.95","66","https://www.amazon.com/dp/B0BKKC1BRH","https://images-na.ssl-images-amazon.com/images/I/71jSuV-wmPL._AC_UL300_SR300,200_.jpg","false","false","1","2026-02-04T07:08:19.378Z"
"B0CQF6S3G2","Stove Knob Covers, Door Knob Safety Cover for Kids, 5 Pcs Gas Stove Knob Locks, Oven Knob Covers for Child Pet Safety (black)","$3.99","3.9","124","","Baby","23530","Stove Safety Covers & Appliance Latches","98","","","2","1","FBA","$379.26","95","https://www.amazon.com/dp/B0CQF6S3G2","https://images-na.ssl-images-amazon.com/images/I/71d65LZStuL._AC_UL300_SR300,200_.jpg","false","false","1","2026-02-04T07:08:19.379Z"
"B0BQ2YR6XL","SAFELON 4 Pcs Transparent Safety Door Knob Covers for Toddler, Childproof Door Locks, Easy to Install (Clear-White)","$12.99","4.2","59","","Baby","24247","Stove Safety Covers & Appliance Latches","99","","","2","1","FBA","$639.74","49","https://www.amazon.com/dp/B0BQ2YR6XL","https://images-na.ssl-images-amazon.com/images/I/618Y2sW+I-L._AC_UL300_SR300,200_.jpg","false","false","1","2026-02-04T07:08:19.380Z"
"B0G451522X","TIianMeimate Universal Stove Knob Locks (5-Pack-Gray) - Child Proof Gas Stove Safety Lock with Key, Easy Install No Tools Needed, Heat Resistant Baby Proofing Essentials for Kitchen Cooktop","$7.98","5.0","1","","Baby","24461","Stove Safety Covers & Appliance Latches","100","","","1","1","FBA","$79.80","10","https://www.amazon.com/dp/B0G451522X","https://images-na.ssl-images-amazon.com/images/I/61IMcchglIL._AC_UL300_SR300,200_.jpg","false","false","1","2026-02-04T07:08:19.381Z"