asin,title,price,rating,reviews,countryOfOrigin,category1,bsr1,category2,bsr2,category3,bsr3,variations,sellers,fulfillment,revenue30d,unitSales30d,url,image,isPrime,isSponsored,pageNum,scrapedAt
B08ZJQ1XD4,LMNT Zero Sugar Electrolytes - Watermelon Salt | Drink Mix | 30-Count,$44.70,4.6,48310,,Health & Household,10,Sports Nutrition Electrolyte Replacement Drinks,1,,,12,10,FBA,"$13,905,998.04","346,191",https://www.amazon.com/dp/B08ZJQ1XD4,https://m.media-amazon.com/images/I/71O37o3ZoOL._AC_SL1500_.jpg,FALSE,FALSE,1,2026-02-22T11:12:46.282Z
B01IT9NLHW,Liquid I.V.® Hydration Multiplier - Lemon Lime | Electrolyte Powder Drink Mix | 1 Pack (16 Servings),$23.46,4.6,283002,,Health & Household,27,Sports Nutrition Electrolyte Replacement Drinks,2,Sales & Deals,41,18,1,FBA,"$5,760,185.95","249,457",https://www.amazon.com/dp/B01IT9NLHW,"https://images-na.ssl-images-amazon.com/images/I/71uzLBMH8ZL._AC_UL600_SR600,400_.jpg",FALSE,FALSE,1,2026-02-22T11:12:46.282Z
B08XQZX9K3,"Ultima Replenisher Daily Electrolyte Powder – Original Variety Pack, 20 Stickpacks – Zero Sugar Hydration Packets with 6 Electrolytes and Minerals – Sugar Free, Plant Based & Keto Friendly​ Drink Mix",$20.99,4.5,47339,,Health & Household,47,Sports Nutrition Electrolyte Replacement Drinks,3,,,16,1,FBA,"$3,327,014.52","149,021",https://www.amazon.com/dp/B08XQZX9K3,"https://images-na.ssl-images-amazon.com/images/I/711WJgJ7LzL._AC_UL600_SR600,400_.jpg",FALSE,FALSE,1,2026-02-22T11:12:46.283Z
B0BQ4G7LY8,Liquid I.V.® Hydration Multiplier Sugar-Free - Lemon Lime | Electrolyte Powder Drink Mix | 1 Pack(14 Servings),$20.16,4.6,23829,,Health & Household,66,Sports Nutrition Electrolyte Replacement Drinks,4,,,10,1,FBA,"$3,255,635.05","161,640",https://www.amazon.com/dp/B0BQ4G7LY8,"https://images-na.ssl-images-amazon.com/images/I/71F55i2ABUL._AC_UL600_SR600,400_.jpg",FALSE,FALSE,1,2026-02-22T11:12:46.284Z
B09BD8GZ8L,Nectar Hydration Packets - Electrolytes Powder Packets - Sugar Free & 0 Calorie - Organic Fruit Liquid Daily IV Electrolytes Powder for Dehydration Relief and Rehydration (Variety 30 Pack),$25.42,4.3,14561,,Health & Household,155,Sports Nutrition Electrolyte Replacement Drinks,5,,,33,3,FBA,"$2,271,357.55","79,091",https://www.amazon.com/dp/B09BD8GZ8L,"https://images-na.ssl-images-amazon.com/images/I/81kwlhCMSXL._AC_UL600_SR600,400_.jpg",FALSE,FALSE,1,2026-02-22T11:12:46.285Z
B097QF7HVH,REDMOND Re-Lyte Hydration Electrolyte Powder Mix (Strawberry Lemonade),$44.99,4.6,11636,,Health & Household,173,Sports Nutrition Electrolyte Replacement Drinks,6,,,7,1,FBA,"$3,832,938.22","86,429",https://www.amazon.com/dp/B097QF7HVH,"https://images-na.ssl-images-amazon.com/images/I/71GnMxbyxuL._AC_UL600_SR600,400_.jpg",FALSE,FALSE,1,2026-02-22T11:12:46.285Z
B01AMVB87A,"Nuun Sport Electrolyte Tablets with Magnesium, Calcium, Potassium, Chloride & Sodium, Gluten Free & Vegan, Mixed Flavors, 6 Pack (60 Servings Total)",$31.46,4.4,58121,,Health & Household,148,Sports Nutrition Electrolyte Replacement Drinks,7,,,18,1,AMZ,"$764,272.72","26,970",https://www.amazon.com/dp/B01AMVB87A,"https://images-na.ssl-images-amazon.com/images/I/81FfZghzVaL._AC_UL600_SR600,400_.jpg",FALSE,FALSE,1,2026-02-22T11:12:46.286Z
B0FGFJGYPT,"TREVI™ Sugar Free Electrolytes - Drink Mix Hydration Powder Packets - 28 Count - Favorites Variety Pack - Cherry Lime, Strawberry Kiwi, Berry Lemonade, Arctic Frost",$9.99,4.5,3540,,Health & Household,330,Sports Nutrition Electrolyte Replacement Drinks,8,,,32,1,FBA,"$591,674.26","57,866",https://www.amazon.com/dp/B0FGFJGYPT,"https://images-na.ssl-images-amazon.com/images/I/813cIhi4KRL._AC_UL600_SR600,400_.jpg",FALSE,FALSE,1,2026-02-22T11:12:46.287Z
B01IIGL894,"Ultima Replenisher Daily Electrolyte Powder Drink Mix – Sugar Free – Grape, 90 Servings – Hydration Powder with 6 Key Electrolytes and Trace Minerals – Keto Friendly, Vegan, Non-GMO",$47.99,4.7,36995,,Health & Household,168,Sports Nutrition Electrolyte Replacement Drinks,9,,,14,1,FBA,"$2,961,624.47","61,532",https://www.amazon.com/dp/B01IIGL894,"https://images-na.ssl-images-amazon.com/images/I/61nNMn4i4YL._AC_UL600_SR600,400_.jpg",FALSE,FALSE,1,2026-02-22T11:12:46.287Z
B07RWF8L2V,Cure Hydration | Plant-Based Electrolyte Drink Mix | No Added Sugar | FSA-HSA | Dehydration Relief Powder Made with Coconut Water | Non-GMO | Vegan | Pouch of 14 Packets - Berry Pomegranate,$23.99,4.4,6245,,Health & Household,591,Sports Nutrition Electrolyte Replacement Drinks,10,,,9,2,FBA,"$1,013,310.33","42,302",https://www.amazon.com/dp/B07RWF8L2V,"https://images-na.ssl-images-amazon.com/images/I/71iNAHOmIML._AC_UL600_SR600,400_.jpg",FALSE,FALSE,1,2026-02-22T11:12:46.288Z
B0DB99PD1B,"Santa Cruz Paleo Electrolyte Powder, Mango Lemonade, Sugar Free Hydration Drink Mix with Himalayan Pink Salt, Sea Salt, Magnesium Glycinate, Potassium Chloride, Sweetened with Stevia, 30 Servings",$29.99,4.6,4612,,Health & Household,618,Sports Nutrition Electrolyte Replacement Drinks,11,,,18,1,FBA,"$1,211,547.92","40,398",https://www.amazon.com/dp/B0DB99PD1B,"https://images-na.ssl-images-amazon.com/images/I/81s9PQORuIL._AC_UL600_SR600,400_.jpg",FALSE,FALSE,1,2026-02-22T11:12:46.289Z
B01IIGCCIK,"Ultima Replenisher Daily Electrolyte Powder Drink Mix – Sugar Free – Lemonade, 30 Servings – Hydration Powder with 6 Key Electrolytes and Trace Minerals – Keto Friendly, Vegan, Non-GMO",$21.99,4.6,23502,,Health & Household,685,Sports Nutrition Electrolyte Replacement Drinks,12,,,9,2,FBA,"$881,135.15","40,200",https://www.amazon.com/dp/B01IIGCCIK,"https://images-na.ssl-images-amazon.com/images/I/61U-FjEhJKL._AC_UL600_SR600,400_.jpg",FALSE,FALSE,1,2026-02-22T11:12:46.290Z
B08J2MPF8R,Liquid I.V.® Hydration Multiplier +Immune Support - Tangerine | Electrolyte Powder Drink Mix | 1 Pack (14 Servings),$23.15,4.7,24856,,Health & Household,803,Sports Nutrition Electrolyte Replacement Drinks,13,,,3,1,FBA,"$866,039.03","38,172",https://www.amazon.com/dp/B08J2MPF8R,"https://images-na.ssl-images-amazon.com/images/I/71dCpeJyfSL._AC_UL600_SR600,400_.jpg",FALSE,FALSE,1,2026-02-22T11:12:46.290Z
B08TZD2R7L,"DripDrop Hydration Packets - Bold Variety Pack - Single Serve Electrolytes Powder Drink Mix - Watermelon, Berry, Lemon, Orange - Non-GMO, Gluten Free, Vegan - 32 Sticks",$32.99,4.6,22970,,Health & Household,867,Sports Nutrition Electrolyte Replacement Drinks,14,,,10,1,FBA,"$1,101,133.76","33,512",https://www.amazon.com/dp/B08TZD2R7L,"https://images-na.ssl-images-amazon.com/images/I/612dSrTgAxL._AC_UL600_SR600,400_.jpg",FALSE,FALSE,1,2026-02-22T11:12:46.291Z
B0FJZGJ4G1,"Raspberry Lemonade Electrolytes – 30‑Serving Hydration Drink Mix with Coconut Water, Essential Minerals & Real Fruit Flavors – Sweetened with Monk Fruit & Stevia – No Artificial Ingredients",$34.20,4.1,767,,Health & Household,948,Sports Nutrition Electrolyte Replacement Drinks,15,,,10,1,FBA,"$1,022,970.63","29,911",https://www.amazon.com/dp/B0FJZGJ4G1,"https://images-na.ssl-images-amazon.com/images/I/71sTEop+7YL._AC_UL600_SR600,400_.jpg",FALSE,FALSE,1,2026-02-22T11:12:46.292Z
B094QB6PH6,"DripDrop Hydration Packets - Juicy Variety Pack - Single Serve Electrolytes Powder Drink Mix - Grape, Fruit Punch, Strawberry Lemonade, Cherry - Non-GMO, Gluten Free, Vegan - 32 Sticks",$27.37,4.6,11599,,Health & Household,987,Sports Nutrition Electrolyte Replacement Drinks,16,,,1,2,FBA,"$671,831.74","21,940",https://www.amazon.com/dp/B094QB6PH6,"https://images-na.ssl-images-amazon.com/images/I/61cLXS1-6DL._AC_UL600_SR600,400_.jpg",FALSE,FALSE,1,2026-02-22T11:12:46.293Z
B0FC95RMNL,"Instant Hydration Electrolytes Powder Packets - Raspberry Electrolyte Drink Mix - Zero Sugar - Keto, Vegan, Gluten-Free, Non-GMO - Boost Recovery, Brain Health, Muscle & Tissue Support- 30 Sticks",$48.00,3.9,1157,,Health & Household,1007,Sports Nutrition Electrolyte Replacement Drinks,17,,,7,1,FBA,"$1,359,213.77","28,250",https://www.amazon.com/dp/B0FC95RMNL,"https://images-na.ssl-images-amazon.com/images/I/51Oj5GXhedL._AC_UL600_SR600,400_.jpg",FALSE,FALSE,1,2026-02-22T11:12:46.294Z
B0CSQWZPBX,"Liquid I.V.® Hydration Multiplier Sugar-Free Variety Pack - Raspberry Melon, Lemon Lime, White Peach, Green Grape (Variety Pack)",$27.99,4.6,4643,,Health & Household,1015,Sports Nutrition Electrolyte Replacement Drinks,18,,,1,1,FBA,"$861,649.23","31,528",https://www.amazon.com/dp/B0CSQWZPBX,"https://images-na.ssl-images-amazon.com/images/I/71UNltNRH-L._AC_UL600_SR600,400_.jpg",FALSE,FALSE,1,2026-02-22T11:12:46.294Z
B0CG7W485N,"Liquid I.V.® Hydration Multiplier - Variety Pack - Lemon Lime, Passion Fruit, Strawberry, Tropical Punch | Electrolyte Powder Drink Mix | 1 Pack (16 Servings)",$27.99,4.6,6161,,Health & Household,1086,Sports Nutrition Electrolyte Replacement Drinks,19,,,1,1,FBA,"$895,861.95","33,148",https://www.amazon.com/dp/B0CG7W485N,"https://images-na.ssl-images-amazon.com/images/I/7131LcjiPRL._AC_UL600_SR600,400_.jpg",FALSE,FALSE,1,2026-02-22T11:12:46.295Z
B0CTKX72Z4,"DripDrop Sugar Free Hydration Packets - Zero Classic Variety Pack - Single Serve Electrolytes Powder Drink Mix - Lemon Lime, Watermelon, Peach, Passion Fruit - Non-GMO, Gluten Free, Vegan - 32 Sticks",$31.80,4.5,4587,,Health & Household,1280,Sports Nutrition Electrolyte Replacement Drinks,20,,,9,2,FBA,"$782,016.70","26,971",https://www.amazon.com/dp/B0CTKX72Z4,"https://images-na.ssl-images-amazon.com/images/I/714mDASrtrL._AC_UL600_SR600,400_.jpg",FALSE,FALSE,1,2026-02-22T11:12:46.296Z
B0DN6T1QGD,"Venture Pal High Sodium Sugar-Free Electrolyte Powder Packets - Hydration Packets with Sodium, Potassium & Magnesium | Zero Calories | Vegan, Keto, and Paleo Friendly | 16 Sticks",$8.49,4.2,1576,,Health & Household,1384,Sports Nutrition Electrolyte Replacement Drinks,21,,,5,2,FBA,"$310,508.07","22,823",https://www.amazon.com/dp/B0DN6T1QGD,"https://images-na.ssl-images-amazon.com/images/I/81SqsJpSypL._AC_UL600_SR600,400_.jpg",FALSE,FALSE,1,2026-02-22T11:12:46.297Z
B0D5NCFLBV,"Nutricost Electrolyte Complex Powder (120 Servings, Fruit Punch) - Hydration Supplement Drink Mix with Vitamins and Minerals",$27.95,4.5,1756,,Health & Household,1474,Sports Nutrition Electrolyte Replacement Drinks,22,,,7,2,FBA,"$532,572.54","20,882",https://www.amazon.com/dp/B0D5NCFLBV,"https://images-na.ssl-images-amazon.com/images/I/710uaubJ+xL._AC_UL600_SR600,400_.jpg",FALSE,FALSE,1,2026-02-22T11:12:46.298Z
B09VRJNFQC,"DripDrop Hydration Packets - Juicy Variety Pack - Single Serve Electrolytes Powder Drink Mix - Grape, Fruit Punch, Strawberry Lemonade, Cherry - Non-GMO, Gluten Free, Vegan - 16 Sticks",$16.07,4.5,15639,,Health & Household,1963,Sports Nutrition Electrolyte Replacement Drinks,23,,,4,1,FBA,"$302,728.37","18,213",https://www.amazon.com/dp/B09VRJNFQC,"https://images-na.ssl-images-amazon.com/images/I/71OE06SSK5L._AC_UL600_SR600,400_.jpg",FALSE,FALSE,1,2026-02-22T11:12:46.299Z
B0BX17VQVZ,"Salud 2-in-1 Hydration Packets + Immunity Electrolytes Powder, Horchata - Agua Fresca Drink Mix, Elderberry, Dairy & Soy Free, Non-GMO, Gluten Free, Vegan, Low Calorie, 1g Sugar (15 Servings)",$29.99,4.4,3414,,Health & Household,2046,Sports Nutrition Electrolyte Replacement Drinks,24,,,14,1,FBA,"$495,895.56","16,535",https://www.amazon.com/dp/B0BX17VQVZ,"https://images-na.ssl-images-amazon.com/images/I/71EBg-NSibL._AC_UL600_SR600,400_.jpg",FALSE,FALSE,1,2026-02-22T11:12:46.300Z
B0DVXD2WBB,THORNE - Daily Electrolytes - Zero Sugar & Low-Calorie Electrolyte Powder Drink Mix - Flavors Derived from Natural Sources - NSF Certified for Sport - Variety - 30 Stick Packs,$40.00,4.3,697,,Health & Household,2063,Sports Nutrition Electrolyte Replacement Drinks,25,,,4,1,FBA,"$707,419.56","17,686",https://www.amazon.com/dp/B0DVXD2WBB,"https://images-na.ssl-images-amazon.com/images/I/81KxHzlCW5L._AC_UL600_SR600,400_.jpg",FALSE,FALSE,1,2026-02-22T11:12:46.301Z
B09J1MZSDH,"SaltStick Electrolyte FastChews - 60 Mixed Berry Chewable Tablets - Salt Tablets for Running and Hydration, Electrolyte Chews - 60 Count",$19.95,4.6,11494,,Health & Household,2061,Sports Nutrition Electrolyte Replacement Drinks,26,,,22,2,FBA,"$456,017.42","18,594",https://www.amazon.com/dp/B09J1MZSDH,"https://images-na.ssl-images-amazon.com/images/I/71X7fEb4SgL._AC_UL600_SR600,400_.jpg",FALSE,FALSE,1,2026-02-22T11:12:46.301Z
B0DMWWB8MB,Cure Hydration | Plant-Based Electrolyte Drink Mix | No Added Sugar | FSA-HSA | Dehydration Relief Powder Made with Coconut Water | Non-GMO | Vegan | 8 Packets - Tropical Variety Pack,$15.99,4.5,1867,,Health & Household,2114,Sports Nutrition Electrolyte Replacement Drinks,27,,,5,1,FBA,"$461,043.60","16,338",https://www.amazon.com/dp/B0DMWWB8MB,"https://images-na.ssl-images-amazon.com/images/I/71ALQX5lTnL._AC_UL600_SR600,400_.jpg",FALSE,FALSE,1,2026-02-22T11:12:46.302Z
B0D5ZXFQNF,LMNT Sparkling Electrolyte Drink - Citrus Salt | 12-Count,$30.99,4.4,1821,,Health & Household,2195,Sports Nutrition Electrolyte Replacement Drinks,28,,,4,1,FBA,"$783,264.92","24,557",https://www.amazon.com/dp/B0D5ZXFQNF,"https://images-na.ssl-images-amazon.com/images/I/81593tT5gsL._AC_UL600_SR600,400_.jpg",FALSE,FALSE,1,2026-02-22T11:12:46.303Z
B00815PLP0,"Sqwincher Zero Qwik Stik, Fruit Punch, Sugar Free, Low Calorie, Low Sodium Electrolyte Powder Hydration Drink Mix, .11 0z Packet (Pack of 50)",$22.99,4.6,13785,,Health & Household,2454,Sports Nutrition Electrolyte Replacement Drinks,29,,,10,39,AMZ,"$230,761.79","11,708",https://www.amazon.com/dp/B00815PLP0,"https://images-na.ssl-images-amazon.com/images/I/81U1TrXgjuL._AC_UL600_SR600,400_.jpg",FALSE,FALSE,1,2026-02-22T11:12:46.304Z
B0CQRPX3HC,"SALTT Electrolytes Powder Unflavored Drink Mix - Clean Slate - 30 Hydration Packets - Magnesium, Potassium, Sodium, Trace Minerals - Zero Sugar & Gluten Free - Travel Essentials",$34.99,4.4,1361,,Health & Household,2517,Sports Nutrition Electrolyte Replacement Drinks,30,,,13,2,FBA,"$521,355.45","14,900",https://www.amazon.com/dp/B0CQRPX3HC,"https://images-na.ssl-images-amazon.com/images/I/61uyXqWeVaL._AC_UL600_SR600,400_.jpg",FALSE,FALSE,1,2026-02-22T11:12:46.305Z
B0DB28SXX3,"FlavCity Electrolytes Powder Packets - 28 Hydration Packets, Variety Pack - No Added Sugar - Hydration Powder with Real Fruit & Unrefined Sea Salt - Keto & Gluten-Free (28 Stick Packs)",$44.99,4.2,2233,,Health & Household,2591,Sports Nutrition Electrolyte Replacement Drinks,31,,,5,1,FBA,"$621,402.84","13,723",https://www.amazon.com/dp/B0DB28SXX3,"https://images-na.ssl-images-amazon.com/images/I/71+ZHk3B3XL._AC_UL300_SR300,200_.jpg",FALSE,FALSE,1,2026-02-22T11:12:46.306Z
B0FKL2M4GH,"Waterboy Weekend Recovery Sample Pack | 3,200mg Electrolyte Powder Packets | Ginger + L-Theanine + Vitamins | No Sugar, All Natural, Gluten Free | 12 Drink Stick Mixes (Sample Pack)",$28.25,4.4,4614,,Health & Household,2616,Sports Nutrition Electrolyte Replacement Drinks,32,,,8,3,FBA,"$614,194.12","14,207",https://www.amazon.com/dp/B0FKL2M4GH,"https://images-na.ssl-images-amazon.com/images/I/81-OwAhdQQL._AC_UL300_SR300,200_.jpg",FALSE,FALSE,1,2026-02-22T11:12:46.307Z
B09MQ54VPC,"IQMIX Sugar Free Electrolytes Powder Packets - Hydration Supplement Drink Mix with Keto Electrolytes, Lions Mane, Magnesium L-Threonate, and Potassium Citrate - Variety Pack (20 Count)",$24.99,4.4,6265,,Health & Household,2660,Sports Nutrition Electrolyte Replacement Drinks,33,,,17,1,FBA,"$370,153.39","13,611",https://www.amazon.com/dp/B09MQ54VPC,"https://images-na.ssl-images-amazon.com/images/I/811uXlaztKL._AC_UL300_SR300,200_.jpg",FALSE,FALSE,1,2026-02-22T11:12:46.308Z
B01JO4KWAU,"Pedialyte Electrolyte Powder, Hydration Drink for Kids & Adults, Variety Pack: Strawberry, Fruit Punch, Grape, and Apple, 24 Powder Packets",$26.67,4.7,20125,,Health & Household,2690,Sports Nutrition Electrolyte Replacement Drinks,34,Sales & Deals,360,3,7,AMZ,"$325,988.53","16,727",https://www.amazon.com/dp/B01JO4KWAU,"https://images-na.ssl-images-amazon.com/images/I/61FmK2tbdsL._AC_UL300_SR300,200_.jpg",FALSE,FALSE,1,2026-02-22T11:12:46.310Z
B08VFF3SV8,REDMOND Re-Lyte Hydration Electrolyte Powder Mix (Mixed Berry) 30 Stick Pack,$39.99,4.6,3267,,Health & Household,2699,Sports Nutrition Electrolyte Replacement Drinks,35,,,7,1,FBA,"$552,641.22","13,846",https://www.amazon.com/dp/B08VFF3SV8,"https://images-na.ssl-images-amazon.com/images/I/71I2NI+E6gL._AC_UL300_SR300,200_.jpg",FALSE,FALSE,1,2026-02-22T11:12:46.311Z
B0CSMDFQXV,Liquid I.V.® Hydration Multiplier +Energy | Blackberry-Peach | Electrolyte Powder Drink Mix | 1 Pack (14 Servings),$23.33,4.6,5408,,Health & Household,2898,Sports Nutrition Electrolyte Replacement Drinks,36,,,3,2,FBA,"$349,590.80","14,518",https://www.amazon.com/dp/B0CSMDFQXV,"https://images-na.ssl-images-amazon.com/images/I/81PzUE25xwL._AC_UL300_SR300,200_.jpg",FALSE,FALSE,1,2026-02-22T11:12:46.312Z
B00NQCKRMA,"Pedialyte Electrolyte Solution Freezer Pops, Hydration Variety Pack— Grape, Blue Raspberry, Cherry, Orange, Pack of 64",$19.92,4.7,3251,,Health & Household,2951,Sports Nutrition Electrolyte Replacement Drinks,37,,,2,5,AMZ,"$245,872.10","13,411",https://www.amazon.com/dp/B00NQCKRMA,"https://images-na.ssl-images-amazon.com/images/I/71NvE9lVTZL._AC_UL300_SR300,200_.jpg",FALSE,FALSE,1,2026-02-22T11:12:46.313Z
B075NPB5S1,"Skratch Labs Hydration Sports Drink Mix – Real‑Fruit Electrolyte Powder for Fast Hydration & Endurance | Lemon & Lime | 20 Servings | Vegan, Non‑GMO, Clean Ingredients",$23.95,4.5,6697,,Health & Household,2992,Sports Nutrition Electrolyte Replacement Drinks,38,,,13,1,FBA,"$228,619.61","6,616",https://www.amazon.com/dp/B075NPB5S1,"https://images-na.ssl-images-amazon.com/images/I/71ni-15ml9L._AC_UL300_SR300,200_.jpg",FALSE,FALSE,1,2026-02-22T11:12:46.314Z
B0CZ4LDYNW,Cure Hydration | Plant-Based Electrolyte Drink Mix | No Added Sugar | FSA-HSA | Dehydration Relief Powder Made with Coconut Water | Non-GMO | Vegan | 28 Servings Jar - Strawberry Kiwi,$38.24,4.6,1026,,Health & Household,3163,Sports Nutrition Electrolyte Replacement Drinks,39,,,6,1,FBA,"$497,947.34","13,022",https://www.amazon.com/dp/B0CZ4LDYNW,"https://images-na.ssl-images-amazon.com/images/I/71J-j+hpGiL._AC_UL300_SR300,200_.jpg",FALSE,FALSE,1,2026-02-22T11:12:46.315Z
B08MVF7XFZ,Liquid I.V.® Hydration Multiplier - Strawberry | Electrolyte Powder Drink Mix | 3 Pack (48 Servings),$55.69,4.8,18154,,Health & Household,3221,Sports Nutrition Electrolyte Replacement Drinks,40,,,15,1,FBA,"$713,584.33","12,817",https://www.amazon.com/dp/B08MVF7XFZ,"https://images-na.ssl-images-amazon.com/images/I/81c+O94L9GL._AC_UL300_SR300,200_.jpg",FALSE,FALSE,1,2026-02-22T11:12:46.316Z
B0BQ55VMB8,Liquid I.V.® Hydration Multiplier® Sugar-Free - White Peach - Hydration Powder Packets | Electrolyte Powder Drink Mix | Convenient Single-Serving Sticks | Non-GMO | 14 Servings (Pack of 3),$48.75,4.7,908,,Health & Household,3268,Sports Nutrition Electrolyte Replacement Drinks,41,,,6,5,FBA,"$560,436.39","11,496",https://www.amazon.com/dp/B0BQ55VMB8,"https://images-na.ssl-images-amazon.com/images/I/81pGvoKbUsL._AC_UL300_SR300,200_.jpg",FALSE,FALSE,1,2026-02-22T11:12:46.318Z
B0DK25HWBM,"Nuun Zero Sugar Hydration Electrolyte Tablets - Magnesium, Calcium, Potassium, Chloride & Sodium, Light & Delicious Fruit Flavors, No Sugar, Gluten Free, Vegan, Mixed Berry 4 Pack (40 Servings Total)",$21.69,4.4,715,,Health & Household,3149,Sports Nutrition Electrolyte Replacement Drinks,42,,,4,1,AMZ,"$45,869.40","2,038",https://www.amazon.com/dp/B0DK25HWBM,"https://images-na.ssl-images-amazon.com/images/I/81H6iKuiAlL._AC_UL300_SR300,200_.jpg",FALSE,FALSE,1,2026-02-22T11:12:46.319Z
B000Z98KF8,"Trace Minerals 40,000 Volts - Supports Hydration, Energy, Muscles, Stamina, and Endurance - Liquid Multimineral and Electrolyte Concentrate with Ionic Magnesium, Sodium, Potassium (48 Servings)",$19.19,4.5,7704,,Health & Household,3564,Sports Nutrition Electrolyte Replacement Drinks,43,Sales & Deals,525,2,2,FBA,"$366,836.50","14,879",https://www.amazon.com/dp/B000Z98KF8,"https://images-na.ssl-images-amazon.com/images/I/61kRqu47RjL._AC_UL300_SR300,200_.jpg",FALSE,FALSE,1,2026-02-22T11:12:46.320Z
B0DP5WX4Y1,"Waterboy Daily Hydration | 1,570mg Electrolyte Powder Packets | No Sugar, All Natural, Gluten Free, Zero Calories | 15 Drink Stick Mixes (Strawberry Lemonade)",$24.99,4.2,779,,Health & Household,3692,Sports Nutrition Electrolyte Replacement Drinks,44,,,4,1,FBA,"$260,706.88","10,693",https://www.amazon.com/dp/B0DP5WX4Y1,"https://images-na.ssl-images-amazon.com/images/I/61XrRg8k91L._AC_UL300_SR300,200_.jpg",FALSE,FALSE,1,2026-02-22T11:12:46.321Z
B0BPN423GH,"Gatorlyte Rapid Rehydration Electrolyte Beverage, Variety Pack, Lower Sugar, Specialized Blend of 5 Electrolytes, No Artificial Sweeteners or Flavors, 18 pack, 1 pack mixes with 16.9oz (500ml) water",$16.69,4.6,2055,,Health & Household,3821,Sports Nutrition Electrolyte Replacement Drinks,45,,,7,2,AMZ,"$140,321.01","10,566",https://www.amazon.com/dp/B0BPN423GH,"https://images-na.ssl-images-amazon.com/images/I/81ee3UxrnCL._AC_UL300_SR300,200_.jpg",FALSE,FALSE,1,2026-02-22T11:12:46.322Z
B0CPC4JWP2,"GHOST Hydration Packets, Sonic Cherry Limeade, 24 Sticks, Electrolyte Powder - Drink Mix Supplement with Magnesium, Potassium, Calcium, Vitamin C - Vegan Friendly, Free of Soy, Sugar & Gluten",$29.99,4.4,2186,,Health & Household,3843,Sports Nutrition Electrolyte Replacement Drinks,46,,,9,1,FBA,"$306,185.68","10,315",https://www.amazon.com/dp/B0CPC4JWP2,"https://images-na.ssl-images-amazon.com/images/I/81kKvH5RhlL._AC_UL300_SR300,200_.jpg",FALSE,FALSE,1,2026-02-22T11:12:46.324Z
B09GKX9J39,HydroMATE Electrolyte Powder Variety Pack Hydration Packets Low Sugar 30 Count,$31.64,4.4,12214,,Health & Household,3893,Sports Nutrition Electrolyte Replacement Drinks,47,,,3,1,FBA,"$382,168.48","10,339",https://www.amazon.com/dp/B09GKX9J39,"https://images-na.ssl-images-amazon.com/images/I/81ormqRGJ1L._AC_UL300_SR300,200_.jpg",FALSE,FALSE,1,2026-02-22T11:12:46.325Z
B0FJMXG83P,"Rosabella Electrolyte Drink Powder – Watermelon – Sugar-Free Hydration Drink Mix – Electrolytes Powder with Sodium, Potassium, Magnesium, Calcium – Travel Jar – 30 Servings (5.6 oz)",$19.99,4.3,572,,Health & Household,3938,Sports Nutrition Electrolyte Replacement Drinks,48,,,3,3,FBA,"$221,520.62","11,082",https://www.amazon.com/dp/B0FJMXG83P,"https://images-na.ssl-images-amazon.com/images/I/81uycKWRR5L._AC_UL300_SR300,200_.jpg",FALSE,FALSE,1,2026-02-22T11:12:46.326Z
B0F33XK6RQ,"SALTT Electrolytes Powder Packets, Fruit Variety Pack (30 Packets) - Magnesium, Potassium, Sodium, Trace Minerals - Vegan, Sugar Free, Gluten Free - Travel Essentials - Made in USA",$34.99,4.2,1830,,Health & Household,4149,Sports Nutrition Electrolyte Replacement Drinks,49,,,5,4,FBA,"$307,070.03","9,345",https://www.amazon.com/dp/B0F33XK6RQ,"https://images-na.ssl-images-amazon.com/images/I/71pzMispvWL._AC_UL300_SR300,200_.jpg",FALSE,FALSE,1,2026-02-22T11:12:46.327Z
B07XVCD1MY,"Zeal Electrolyte Powder - 90 Servings | Keto Electrolytes Powder | Zero Sugar, BCAAs, B-Vitamins | Potassium, Zinc, Magnesium | Hydration Powder Recovery Drink | Lemon Berry",$34.99,4.3,7875,,Health & Household,3633,Sports Nutrition Electrolyte Replacement Drinks,50,,,17,1,FBA,"$324,482.13","9,435",https://www.amazon.com/dp/B07XVCD1MY,"https://images-na.ssl-images-amazon.com/images/I/719dxWMeCRL._AC_UL300_SR300,200_.jpg",FALSE,FALSE,1,2026-02-22T11:12:46.328Z
B0CLS7YKKX,Venture Pal Sugar Free Electrolyte Powder Packets - Liquid Daily IV Drink Mix for Rapid Hydration & Party Recovery | 5 Vitamins & 7 Electrolytes| Keto Friendly | Non-GMO | Certified Vegan | 16 Sticks,$15.99,4.5,2908,,Health & Household,4279,Sports Nutrition Electrolyte Replacement Drinks,51,,,5,2,FBA,"$69,604.32","4,353",https://www.amazon.com/dp/B0CLS7YKKX,"https://images-na.ssl-images-amazon.com/images/I/81LFduZllQL._AC_UL600_SR600,400_.jpg",FALSE,FALSE,1,2026-02-22T11:14:19.126Z
B08MB73PCP,"JUNP Electrolytes Powder No Sugar No Carbs, Wild Berry Fruit Flavor Keto Electrolyte Drink Mix - Potassium & Salt Hydration Powder Electrolytes, Zero Calorie Sugar Free Electrolyte Powder, 90 Servings",$29.99,4.4,5509,,Health & Household,4291,Sports Nutrition Electrolyte Replacement Drinks,52,Sports Nutrition Endurance & Energy Products,141,18,2,FBA,"$284,068.66","8,940",https://www.amazon.com/dp/B08MB73PCP,"https://images-na.ssl-images-amazon.com/images/I/71Pj9Mjea6L._AC_UL600_SR600,400_.jpg",FALSE,FALSE,1,2026-02-22T11:14:19.127Z
B0BZS1JZTF,"Venture Pal Sugar Free Electrolytes Powder Packets - Liquid Daily IV Hydration Packets | Instantly Hydrating & Party Recovery | 5 Vitamins & 7 Electrolytes | Certified Vegan, Keto, Non-GMO | 16 Sticks",$15.99,4.5,2245,,Health & Household,4373,Sports Nutrition Electrolyte Replacement Drinks,53,,,5,2,FBA,"$44,422.18","2,778",https://www.amazon.com/dp/B0BZS1JZTF,"https://images-na.ssl-images-amazon.com/images/I/81ZjjHuAspL._AC_UL600_SR600,400_.jpg",FALSE,FALSE,1,2026-02-22T11:14:19.127Z
B09YKLGG7X,"Boobie Hydromom Superfood Electrolyte Drink Mix, Blue Raspberry Lemonade | Refreshing Energy & Hydration Boost for Mamas | On-The-Go & Travel Essentials for Pregnancy, Lactation, & Beyond, 15 Packets",$20.99,4.3,1746,,Health & Household,4397,Sports Nutrition Electrolyte Replacement Drinks,54,,,11,1,FBA,"$206,399.46","8,922",https://www.amazon.com/dp/B09YKLGG7X,"https://images-na.ssl-images-amazon.com/images/I/71-EbGRuKxL._AC_UL600_SR600,400_.jpg",FALSE,FALSE,1,2026-02-22T11:14:19.128Z
B0BXCNQZVX,"Trace Minerals ZeroLyte Salty Watermelon Flavor - Sugar Free Electrolyte Drink Mix - Supports Hydration, Energy, Stamina - Ancient Sea Salt, Full Spectrum Minerals, Coconut Water - 30 Packets",$28.79,4.6,800,,Health & Household,4300,Sports Nutrition Electrolyte Replacement Drinks,55,,,5,2,FBA,"$267,728.53","8,001",https://www.amazon.com/dp/B0BXCNQZVX,"https://images-na.ssl-images-amazon.com/images/I/71nVB+Ov1SL._AC_UL600_SR600,400_.jpg",FALSE,FALSE,1,2026-02-22T11:14:19.129Z
B07NP5SY6Y,"Buoy Electrolyte Drops | 120 Servings | No Sugar, No Sweeteners | 87+ Trace Minerals, Vitamins & Antioxidants | Subtle Mineral Taste | Hydration Supplement - Unflavored 3 Pack",$38.95,4.2,1625,,Health & Household,4457,Sports Nutrition Endurance & Energy Products,44,Sports Nutrition Electrolyte Replacement Drinks,56,2,2,FBA,"$344,822.79","8,545",https://www.amazon.com/dp/B07NP5SY6Y,"https://images-na.ssl-images-amazon.com/images/I/81iWKeNCpnL._AC_UL600_SR600,400_.jpg",FALSE,FALSE,1,2026-02-22T11:14:19.129Z
B0D4R4YF8J,Electrolyte Powder Sugar-Free Hydration Packets Variety Pack HydroMATE 30 Sticks,$35.95,4.5,1495,,Health & Household,4530,Sports Nutrition Electrolyte Replacement Drinks,57,,,7,1,FBA,"$277,033.74","8,430",https://www.amazon.com/dp/B0D4R4YF8J,"https://images-na.ssl-images-amazon.com/images/I/81vNMLXA9SL._AC_UL600_SR600,400_.jpg",FALSE,FALSE,1,2026-02-22T11:14:19.130Z
B09DMDRPG4,"Amazon Basic Care Oral Electrolyte Solution, Unflavored, 33.8 fl oz (Pack of 1)",$3.81,4.6,10189,,Health & Household,3109,Sports Nutrition Electrolyte Replacement Drinks,58,,,8,1,AMZ,"$61,069.93","15,162",https://www.amazon.com/dp/B09DMDRPG4,"https://images-na.ssl-images-amazon.com/images/I/61eoPB8PRXL._AC_UL600_SR600,400_.jpg",FALSE,FALSE,1,2026-02-22T11:14:19.131Z
B08G9QL29W,Dr. Berg Zero Sugar Hydration Keto Electrolyte Powder - Enhanced w/ 1000 mg of Potassium & Real Pink Himalayan Salt (NOT Table Salt) - Lemonade Flavor Hydration Drink Mix Supplement - 100 Servings,$47.99,4.3,27830,,Health & Household,915,Sports Nutrition Electrolyte Replacement Drinks,59,,,10,1,FBA,"$1,348,378.41","30,874",https://www.amazon.com/dp/B08G9QL29W,"https://images-na.ssl-images-amazon.com/images/I/71kubhqF0vL._AC_UL600_SR600,400_.jpg",FALSE,FALSE,1,2026-02-22T11:14:19.132Z
B09LFZ57Z1,REDMOND Re-Lyte Hydration Electrolyte Powder Drink Mix Variety (7 Stick Packs),$12.49,4.3,1359,,Health & Household,4948,Sports Nutrition Electrolyte Replacement Drinks,60,,,2,1,FBA,"$87,812.81","7,031",https://www.amazon.com/dp/B09LFZ57Z1,"https://images-na.ssl-images-amazon.com/images/I/61p4hnTRFCL._AC_UL600_SR600,400_.jpg",FALSE,FALSE,1,2026-02-22T11:14:19.132Z
B0D7956B3Q,"OZENKE Electrolytes Powder Packets, 30 Sticks Hydration Packets Sugar Free, Electrolyte Drink Mix Travel Electrolyte Packets for Rapid Hydration, 6 Flavors",$23.99,4.4,2526,,Health & Household,5002,Sports Nutrition Electrolyte Replacement Drinks,61,,,17,9,FBA,"$233,922.05","8,032",https://www.amazon.com/dp/B0D7956B3Q,"https://images-na.ssl-images-amazon.com/images/I/81GsQGeua1L._AC_UL600_SR600,400_.jpg",FALSE,FALSE,1,2026-02-22T11:14:19.133Z
B0C3N4QPCW,"Waterboy Workout Hydration | 2,960mg Sugar Free Electrolyte Powder Packets | L-Glutamine + Vitamins | No Sugar, All Natural, Gluten Free (Variety)",$44.99,4.4,1232,,Health & Household,4049,Sports Nutrition Electrolyte Replacement Drinks,62,,,5,1,FBA,"$334,916.22","10,727",https://www.amazon.com/dp/B0C3N4QPCW,"https://images-na.ssl-images-amazon.com/images/I/81pWEUnUINL._AC_UL600_SR600,400_.jpg",FALSE,FALSE,1,2026-02-22T11:14:19.134Z
B0CJCR8XZF,"BODYARMOR Flash IV Electrolyte Packets, Strawberry Kiwi - Zero Sugar Drink Mix, Single Serve Packs, Coconut Water Powder (15 Count)",$9.03,4.6,1426,,Health & Household,5061,Sports Nutrition Electrolyte Replacement Drinks,63,,,5,1,AMZ,"$199,420.40","11,067",https://www.amazon.com/dp/B0CJCR8XZF,"https://images-na.ssl-images-amazon.com/images/I/71JFgSmei4L._AC_UL600_SR600,400_.jpg",FALSE,FALSE,1,2026-02-22T11:14:19.135Z
B07BWMXR1K,"Nuun Immunity Electrolyte Tablets with Vitamin D, C, E, & A, Ginger, Elderberry, Magnesium & 4 Other Essential Electrolytes, Vegan, Blueberry Tangerine & Orange Citrus, 4 Pack (40 Servings Total)",$26.25,4.5,13018,,Health & Household,5079,Sports Nutrition Electrolyte Replacement Drinks,64,,,4,1,AMZ,"$56,626.60","1,912",https://www.amazon.com/dp/B07BWMXR1K,"https://images-na.ssl-images-amazon.com/images/I/81plf31alhL._AC_UL600_SR600,400_.jpg",FALSE,FALSE,1,2026-02-22T11:14:19.135Z
B0DNNC9SWZ,Liquid I.V.® Hydration Multiplier Sugar Free + Energy - Strawberry Kiwi | Electrolyte Powder Drink Mix | 1 Pack (14 Servings),$24.99,4.5,591,,Health & Household,5191,Sports Nutrition Electrolyte Replacement Drinks,65,,,3,3,FBA,"$222,299.76","9,162",https://www.amazon.com/dp/B0DNNC9SWZ,"https://images-na.ssl-images-amazon.com/images/I/71AUqSk6erL._AC_UL600_SR600,400_.jpg",FALSE,FALSE,1,2026-02-22T11:14:19.136Z
B0FC6ZXS6T,"Transparent Labs Hydrate Sugar Free Electrolytes Powder - Hydration Powder Electrolytes with Coconut Water, Calcium, Taurine, & Potassium - 40 Servings, Raspberry Lemonade",$29.99,4.7,513,,Health & Household,5541,Sports Nutrition Electrolyte Replacement Drinks,66,,,3,1,FBA,"$214,156.35","7,141",https://www.amazon.com/dp/B0FC6ZXS6T,"https://images-na.ssl-images-amazon.com/images/I/51v0iAasx1L._AC_UL600_SR600,400_.jpg",FALSE,FALSE,1,2026-02-22T11:14:19.137Z
B0CQMS2SH1,"FAST LYTE No Sugar Electrolytes Powder in The Raw | Mix in Coffee, Soup, Juice, Water, Smoothies, Broth, Anything | No Sweeteners or Flavorings | Keto & Sugar Free | Non-GMO & Vegan",$29.85,4.6,1486,,Health & Household,5629,Sports Nutrition Electrolyte Replacement Drinks,67,,,1,1,FBA,"$209,119.97","7,006",https://www.amazon.com/dp/B0CQMS2SH1,"https://images-na.ssl-images-amazon.com/images/I/81AOV1+VqqL._AC_UL600_SR600,400_.jpg",FALSE,FALSE,1,2026-02-22T11:14:19.138Z
B0DDM6QKMH,"Instant Hydration Electrolytes Powder Packets - Variety Pack - Zero Sugar - Keto, Vegan, Gluten-Free, Non-GMO - Boost Recovery, Brain Function, Muscle & Tissue Health - 12 Sticks",$39.99,3.8,335,,Health & Household,5757,Sports Nutrition Electrolyte Replacement Drinks,68,,,1,1,FBA,"$323,614.25","8,092",https://www.amazon.com/dp/B0DDM6QKMH,"https://images-na.ssl-images-amazon.com/images/I/61BnNIcjPgL._AC_UL600_SR600,400_.jpg",FALSE,FALSE,1,2026-02-22T11:14:19.139Z
B09GKZH254,HydroMATE Electrolyte Powder Lemon Lime Hydration Packets Low Sugar 30 Count,$35.95,4.5,2600,,Health & Household,5767,Sports Nutrition Electrolyte Replacement Drinks,69,,,6,1,FBA,"$186,412.37","5,742",https://www.amazon.com/dp/B09GKZH254,"https://images-na.ssl-images-amazon.com/images/I/81e9o-eEi+L._AC_UL600_SR600,400_.jpg",FALSE,FALSE,1,2026-02-22T11:14:19.139Z
B07PK73HH1,"Morning Recovery DHM Electrolyte, Milk Thistle Drink Proprietary Formulation to Hydrate While Drinking, Non GMO, Vegan, Gluten-Free, Sugar-Free Lemon, Pack of 6",$29.94,4.4,3910,,Health & Household,5865,Sports Nutrition Electrolyte Replacement Drinks,70,,,18,2,FBA,"$225,719.34","4,799",https://www.amazon.com/dp/B07PK73HH1,"https://images-na.ssl-images-amazon.com/images/I/61aXWFDh3eL._AC_UL600_SR600,400_.jpg",FALSE,FALSE,1,2026-02-22T11:14:19.140Z
B0C6BTYV1M,"Jocko Fuel Packets Low Sugar - Hydration Amplifier Packets for Recovery, Dehydration, & Exercise - with Vitamins B6, B12 & C (16 Packets) Lemon Lime",$28.99,4.5,1188,,Health & Household,6056,Sports Nutrition Electrolyte Replacement Drinks,71,,,4,2,FBA,"$184,985.80","6,381",https://www.amazon.com/dp/B0C6BTYV1M,"https://images-na.ssl-images-amazon.com/images/I/71RDk5zvNcL._AC_UL600_SR600,400_.jpg",FALSE,FALSE,1,2026-02-22T11:14:19.141Z
B0DS2WJZL6,"Celsius Hydration™ Lemon Lime, Sugar Free Electrolyte Hydration Drink Mix (Pack of 14)",$11.34,4.5,1530,,Health & Household,6429,Sports Nutrition Electrolyte Replacement Drinks,72,,,5,1,AMZ,"$63,840.76","5,175",https://www.amazon.com/dp/B0DS2WJZL6,"https://images-na.ssl-images-amazon.com/images/I/81gpV2ObM7L._AC_UL600_SR600,400_.jpg",FALSE,FALSE,1,2026-02-22T11:14:19.142Z
B0F1BRQDCY,"Fire Science Fire Salt Zero Sugar Electrolytes Powder Packets, Electrolytes and Coconut Water Hydration Drink, Sugar Free Electrolyte Powder with Magnesium, Potassium, Sodium, Variety Pack, 32 Count",$43.99,4.7,505,,Health & Household,6526,Sports Nutrition Electrolyte Replacement Drinks,73,,,10,1,FBA,"$242,324.62","5,625",https://www.amazon.com/dp/B0F1BRQDCY,"https://images-na.ssl-images-amazon.com/images/I/81fYP2jeAlL._AC_UL600_SR600,400_.jpg",FALSE,FALSE,1,2026-02-22T11:14:19.143Z
B08KSMD5L8,LMNT Zero Sugar Hot Chocolate or Coffee Mixer - Chocolate Salt | Drink Mix | 30-Count,$48.94,4.3,2906,,Health & Household,6650,Sports Nutrition Electrolyte Replacement Drinks,74,,,2,2,FBA,"$740,860.15","16,501",https://www.amazon.com/dp/B08KSMD5L8,"https://images-na.ssl-images-amazon.com/images/I/71pT7zGveeL._AC_UL600_SR600,400_.jpg",FALSE,FALSE,1,2026-02-22T11:14:19.144Z
B0D9D5G9WR,"ProMix Nutrition Electrolytes Powder Hydration Packets - Himalayan Pink Salt, Magnesium, Potassium, Vitamin C - Salted Watermelon, Lightly Sweetened - 30 Servings (Pack of 30)",$42.99,4.1,235,,Health & Household,6926,Sports Nutrition Electrolyte Replacement Drinks,75,,,5,1,FBA,"$182,355.77","4,825",https://www.amazon.com/dp/B0D9D5G9WR,"https://images-na.ssl-images-amazon.com/images/I/61TE2X0v5tL._AC_UL600_SR600,400_.jpg",FALSE,FALSE,1,2026-02-22T11:14:19.145Z
B09NS38Q41,"Nutricost Electrolyte Complex Advanced Hydration (120 Capsules) - 8 Hydrating Electrolytes & Vitamins, Gluten Free, Non-GMO, Vegetarian",$13.95,4.6,1432,,Health & Household,6943,Sports Nutrition Electrolyte Replacement Drinks,76,,,2,2,FBA,"$76,630.47","5,493",https://www.amazon.com/dp/B09NS38Q41,"https://images-na.ssl-images-amazon.com/images/I/611S-v4rKbL._AC_UL600_SR600,400_.jpg",FALSE,FALSE,1,2026-02-22T11:14:19.146Z
B07H4YS9L7,"Nutricost L-Citrulline 500mg, 120 Capsules - Gluten Free, Non-GMO, 1000mg Per Serving (60 Serv)",$12.95,4.5,8201,,Health & Household,2109,Sports Nutrition Pre-Workout Powders,29,Sports Nutrition Electrolyte Replacement Drinks,77,5,2,FBA,"$324,772.06","19,122",https://www.amazon.com/dp/B07H4YS9L7,"https://images-na.ssl-images-amazon.com/images/I/61mIeGv-tpL._AC_UL600_SR600,400_.jpg",FALSE,FALSE,1,2026-02-22T11:14:19.147Z
B00CX9U7WM,"Dr. Price’s Electrolytes Powder Packets – Lemon Lime, 30 Packs | Sugar Free Electrolytes | Hydration Drink Mix, 72+ Trace Minerals, Manganese | Keto Electrolytes, Vegan, Doctor-Formulated, Made in USA",$26.99,4.4,11877,,Health & Household,6985,Sports Nutrition Electrolyte Replacement Drinks,78,,,10,1,FBA,"$169,989.04","5,311",https://www.amazon.com/dp/B00CX9U7WM,"https://images-na.ssl-images-amazon.com/images/I/71ds+AlrjYL._AC_UL600_SR600,400_.jpg",FALSE,FALSE,1,2026-02-22T11:14:19.148Z
B0BPF6WWWW,Real Ketones BHB Exogenous Ketones Drink Mix Packets Keto Electrolytes Powder Packets No Sugar with 4 Main Fasting Electrolytes Plus Hydrating Patented Keto BHB - 30 Count Variety Pack,$49.99,4.2,3960,,Health & Household,7232,Sports Nutrition Electrolyte Replacement Drinks,79,,,10,1,FBA,"$238,079.63","5,397",https://www.amazon.com/dp/B0BPF6WWWW,"https://images-na.ssl-images-amazon.com/images/I/71RM68rjuSL._AC_UL600_SR600,400_.jpg",FALSE,FALSE,1,2026-02-22T11:14:19.149Z
B0BPDX6VZV,"BARE PERFORMANCE NUTRITION BPN Electrolytes Hydration Drink Mix | Sugar Free Electrolyte Powder | 500mg Sodium per Serving | Naturally Sweetened | Strawberry, 50 Servings",$44.99,4.6,1017,,Health & Household,4410,Sports Nutrition Electrolyte Replacement Drinks,80,,,7,1,FBA,"$382,417.73","8,807",https://www.amazon.com/dp/B0BPDX6VZV,"https://images-na.ssl-images-amazon.com/images/I/71ketqJcYJL._AC_UL600_SR600,400_.jpg",FALSE,FALSE,1,2026-02-22T11:14:19.150Z
B0FKN3ZTBJ,"Venture Pal High Sodium Sugar Free Electrolytes Powder Packet, Zero Calories Hydration Packets with Vitamin, Sodium, Potassium & Magnesium, Electrolyte Drink Mix, Vegan, Keto Friendly, 16 Count",$9.99,4.6,109,,Health & Household,7448,Sports Nutrition Electrolyte Replacement Drinks,81,,,5,2,FBA,"$44,281.92","3,731",https://www.amazon.com/dp/B0FKN3ZTBJ,"https://images-na.ssl-images-amazon.com/images/I/81IiNh58fcL._AC_UL300_SR300,200_.jpg",FALSE,FALSE,1,2026-02-22T11:14:19.151Z
B09J7DHYR9,"SALTT - Hydrate (4 oz) - Electrolytes Drops - Energy Boost - Sodium, Potassium, Magnesium, Zinc, Copper - Unflavored - Ultra Low Carb - Zero Sugar, Vegan, Gluten Free, Non GMO - by Keto Chow",$14.95,4.5,8677,,Health & Household,7457,Sports Nutrition Electrolyte Replacement Drinks,82,,,4,2,FBA,"$117,572.46","4,769",https://www.amazon.com/dp/B09J7DHYR9,"https://images-na.ssl-images-amazon.com/images/I/61JsiHDsV+L._AC_UL300_SR300,200_.jpg",FALSE,FALSE,1,2026-02-22T11:14:19.152Z
B0FNWM7HJ4,"ZestLytes Salty Fruit Flavor Sugar Free Electrolyte Hydration Packets, 40 Sticks Electrolyte Powder Drink Mix, Liquid Daily IV Flavors | 9 Vitamins & Nutrients | 2 Hydration Factors",$19.97,4.4,345,,Health & Household,7462,Sports Nutrition Electrolyte Replacement Drinks,83,,,4,2,FBA,"$92,030.16","3,754",https://www.amazon.com/dp/B0FNWM7HJ4,"https://images-na.ssl-images-amazon.com/images/I/81hY+lbP1RL._AC_UL300_SR300,200_.jpg",FALSE,FALSE,1,2026-02-22T11:14:19.153Z
B00EISFBYA,"LyteShow - Electrolyte Drops for Rapid Rehydration + Digestion + Brain + Energy + Immunity | No Sugar | Trace Minerals | Unflavored, Subtle Mineral Taste - 40 Servings (Magnesium, Potassium, Zinc)",$19.95,4.5,11112,,Health & Household,7705,Trace Mineral Supplements,12,Sports Nutrition Electrolyte Replacement Drinks,84,4,1,FBA,"$165,644.30","5,358",https://www.amazon.com/dp/B00EISFBYA,"https://images-na.ssl-images-amazon.com/images/I/61NpI+BoVOL._AC_UL300_SR300,200_.jpg",FALSE,FALSE,1,2026-02-22T11:14:19.154Z
B09NTGZP5F,"BIOLYTE Electrolyte Drink - Doctor-Formulated Hydration Drink, Electrolytes Water, Chemotherapy Must Haves for Women and Men, Rehydration IV Liquid in a Bottle - Variety, 16 Fl Oz (12 Pack)",$39.99,4.6,5472,,Health & Household,8026,Sports Nutrition Electrolyte Replacement Drinks,85,,,6,1,FBA,"$205,144.24","5,145",https://www.amazon.com/dp/B09NTGZP5F,"https://images-na.ssl-images-amazon.com/images/I/711IxBX6cKL._AC_UL300_SR300,200_.jpg",FALSE,FALSE,1,2026-02-22T11:14:19.155Z
B0D38MPB89,"PowderVitamin Electrolytes Powder Plus (50 Servings) Unflavored Electrolyte Powder Keto, Sugar Free, Pink Himalayan Salt.,1000mg Potassium,150mg Calcium,150mg Magnesium, NO Stevia",$12.47,4.2,1864,,Health & Household,5548,Sports Nutrition Electrolyte Replacement Drinks,86,,,60,3,FBA,"$101,571.56","6,578",https://www.amazon.com/dp/B0D38MPB89,"https://images-na.ssl-images-amazon.com/images/I/61C-O0E-qcL._AC_UL300_SR300,200_.jpg",FALSE,FALSE,1,2026-02-22T11:14:19.156Z
B0F69PMFS4,"MAGNA Electrolytes Powder Drink Mix for Hydration, Energy & Focus Support with Magnesium L Threonate, Sodium, Potassium, Vitamin D, B6 & B12, Sugar Free, Variety Pack, 28 Servings",$49.50,4.4,287,,Health & Household,7924,Sports Nutrition Electrolyte Replacement Drinks,87,,,23,1,FBA,"$158,605.97","5,168",https://www.amazon.com/dp/B0F69PMFS4,"https://images-na.ssl-images-amazon.com/images/I/71ncLmkI+8L._AC_UL300_SR300,200_.jpg",FALSE,FALSE,1,2026-02-22T11:14:19.157Z
B01MXDAHIB,"Hi-Lyte Electrolytes for Fasting, Immune Support and Rapid Hydration | 48 Servings | NO Calories NO Sugar | 20%+ More Potassium, Magnesium & Zinc",$20.96,4.3,8877,,Health & Household,8139,Sports Nutrition Electrolyte Replacement Drinks,88,,,5,1,FBA,"$157,193.10","5,997",https://www.amazon.com/dp/B01MXDAHIB,"https://images-na.ssl-images-amazon.com/images/I/619hcGkOpkL._AC_UL300_SR300,200_.jpg",FALSE,FALSE,1,2026-02-22T11:14:19.158Z
B0DTZWF989,"Cure Hydration - Kids Electrolyte Drink Mix | Plant-Based Pediatrician Formulated Rehydration | No Added Sugar, FSA-HSA, Non-GMO, Gluten-Free, No Artificial Flavors | 14 Packets - Pink Lemonade",$24.99,4.5,694,,Health & Household,8254,Sports Nutrition Electrolyte Replacement Drinks,89,,,6,1,FBA,"$150,121.64","6,089",https://www.amazon.com/dp/B0DTZWF989,"https://images-na.ssl-images-amazon.com/images/I/71qif3OaiHL._AC_UL300_SR300,200_.jpg",FALSE,FALSE,1,2026-02-22T11:14:19.159Z
B07RLD4N3K,"Amazon Basic Care Electrolyte Powder Variety Pack, Apple, Fruit Punch, Grape, Strawberry, 8 Count",$7.44,4.4,6826,,Health & Household,8377,Sports Nutrition Electrolyte Replacement Drinks,90,,,2,1,AMZ,"$30,813.09","4,397",https://www.amazon.com/dp/B07RLD4N3K,"https://images-na.ssl-images-amazon.com/images/I/71TDDtzx0IL._AC_UL300_SR300,200_.jpg",FALSE,FALSE,1,2026-02-22T11:14:19.160Z
B0DYN4MSFG,"VitalHarvest 36 Sticks Electrolytes Powder Packets 6 Flavors Sugar Free Hydration Packets Electrolyte Liquid Daily IV Drink Mix with Lemon Lime, Watermelon, Orange, Raspberry, White Peach, Blueberry",$23.99,4.4,1059,,Health & Household,8382,Sports Nutrition Electrolyte Replacement Drinks,91,,,12,2,FBA,"$150,387.83","4,985",https://www.amazon.com/dp/B0DYN4MSFG,"https://images-na.ssl-images-amazon.com/images/I/811uNaupWTL._AC_UL300_SR300,200_.jpg",FALSE,FALSE,1,2026-02-22T11:14:19.162Z
B01NBEY9HY,"Nuun Vitamins Electrolyte Tablets with Vitamin D, C, E, A, & B6, Folic Acid, Magnesium & 4 Other Essential Electrolytes, Gluten Free & Vegan, Mixed Fruit, 4 Pack (48 Servings Total)",$29.38,4.4,7327,,Health & Household,8450,Sports Nutrition Electrolyte Replacement Drinks,92,Sales & Deals,1066,3,1,AMZ,"$40,995.92","1,293",https://www.amazon.com/dp/B01NBEY9HY,"https://images-na.ssl-images-amazon.com/images/I/816Kiw3k3CL._AC_UL300_SR300,200_.jpg",FALSE,FALSE,1,2026-02-22T11:14:19.163Z
B09Q9WCDY7,LMNT Zero Sugar Electrolytes - Sample Pack | Drink Mix | 8-Count,$14.99,4.4,10567,,Health & Household,8579,Sports Nutrition Electrolyte Replacement Drinks,93,,,2,2,FBA,"$40,327.83","2,691",https://www.amazon.com/dp/B09Q9WCDY7,"https://images-na.ssl-images-amazon.com/images/I/81T6HYnWe1L._AC_UL300_SR300,200_.jpg",FALSE,FALSE,1,2026-02-22T11:14:19.164Z
B0CN2S2WJK,"Venture Pal Chewable Electrolyte Tablets, 80 Count Fast-Dissolve Sugar-Free Stick Salt Tablets,Gluten Free – Variety Pack for Rapid Hydration, Outdoor Running, Hiking | Keto & Vegan Friendly | 4 Pack",$14.99,4.6,1009,,Health & Household,8804,Sports Nutrition Electrolyte Replacement Drinks,94,,,5,1,FBA,"$72,232.86","4,819",https://www.amazon.com/dp/B0CN2S2WJK,"https://images-na.ssl-images-amazon.com/images/I/81ByzqCI-WL._AC_UL300_SR300,200_.jpg",FALSE,FALSE,1,2026-02-22T11:14:19.165Z
B08TP724D2,"GOODONYA Organic Hydration Electrolyte Drink Mix, Certified Organic Hydration Powder, Non-GMO, Biochecked Glyphosate Free, Low Sugar, Lemonade Flavor, No Artificial Flavors, 42 Servings",$48.99,4.3,1367,,Health & Household,8918,Sports Nutrition Electrolyte Replacement Drinks,95,,,2,1,FBA,"$166,621.34","4,313",https://www.amazon.com/dp/B08TP724D2,"https://images-na.ssl-images-amazon.com/images/I/61srZ1unrVL._AC_UL300_SR300,200_.jpg",FALSE,FALSE,1,2026-02-22T11:14:19.166Z
B07QGKQ4FV,"Amazon Basic Care Electrolyte Powder Packets, Strawberry Lemonade, 6 Count (Pack of 1)",$7.69,4.3,5029,,Health & Household,9484,Sports Nutrition Electrolyte Replacement Drinks,96,,,3,1,AMZ,"$33,588.24","4,175",https://www.amazon.com/dp/B07QGKQ4FV,"https://images-na.ssl-images-amazon.com/images/I/71fw1ahPonL._AC_UL300_SR300,200_.jpg",FALSE,FALSE,1,2026-02-22T11:14:19.167Z
B0DB6PRWH6,"Ultima Replenisher Crave Killer Supplement and Electrolytes Powder – Tropical Fusion, 14 Stickpacks – Hydration Packets That Kick Cravings to The Curb",$22.99,4.5,744,,Health & Household,9581,Sports Nutrition Electrolyte Replacement Drinks,97,,,2,1,FBA,"$101,848.03","4,430",https://www.amazon.com/dp/B0DB6PRWH6,"https://images-na.ssl-images-amazon.com/images/I/71X-4wg5vuL._AC_UL300_SR300,200_.jpg",FALSE,FALSE,1,2026-02-22T11:14:19.169Z
B0BN2QKQGS,"Nectar Energy Booster - Organic Caffeine, B12 & Electrolytes - Sugar Free & Zero Calorie – Healthy Coffee, Energy Drink & Soda Alternative – Hydration & Energy Supplement (Variety 30 Powder Packets)",$29.90,4.2,1169,,Health & Household,9680,Sports Nutrition Electrolyte Replacement Drinks,98,Sports Nutrition Endurance & Energy Products,156,13,1,FBA,"$129,443.63","4,654",https://www.amazon.com/dp/B0BN2QKQGS,"https://images-na.ssl-images-amazon.com/images/I/813Me6MI5uL._AC_UL300_SR300,200_.jpg",FALSE,FALSE,1,2026-02-22T11:14:19.170Z
B0FCCJP6ZF,"LMNT Zero Sugar Electrolytes - Variety Pack | Drink Mix | 12-Count (12-Count, Variety Pack)",$26.99,4.6,40,,Health & Household,9684,Sports Nutrition Electrolyte Replacement Drinks,99,,,1,3,FBA,"$37,993.11","1,289",https://www.amazon.com/dp/B0FCCJP6ZF,"https://images-na.ssl-images-amazon.com/images/I/61CX7kE76kL._AC_UL300_SR300,200_.jpg",FALSE,FALSE,1,2026-02-22T11:14:19.171Z
B0CTLS64RQ,"Sports Research® Hydrate Electrolytes Powder Packets - Sugar-Free & Naturally Flavored with Vitamins, Minerals, and Coconut Water - Supports Hydration - 16 Packets - Variety Pack | Sugar-Free, Naturally Flavored, with Vitamins, Minerals, and Coconut Water, Supports Hydration",$22.95,4.2,1626,,Health & Household,9761,Sports Nutrition Electrolyte Replacement Drinks,100,,,10,2,FBA,"$119,670.62","4,211",https://www.amazon.com/dp/B0CTLS64RQ,"https://images-na.ssl-images-amazon.com/images/I/71FiAzeIDHL._AC_UL300_SR300,200_.jpg",FALSE,FALSE,1,2026-02-22T11:14:19.172Z
