asin,title,price,rating,reviews,countryOfOrigin,category1,bsr1,category2,bsr2,category3,bsr3,variations,sellers,fulfillment,Revenue30Day,unitSales30Day,url,image,isPrime,isSponsored,pageNum,scrapedAt,
B0CJMP7WHH,"First Alert Smoke Alarm, Battery-Operated Detector with Test & Silence Button, SMI100, 1-Pack",16.99,4.5,23000,Unknown,Tools & Home Improvement,45,Smoke Detectors & Fire Alarms,1,,,3,6,AMZ,789519.17,30123,https://www.amazon.com/dp/B0CJMP7WHH,https://m.media-amazon.com/images/I/61GUtvUotTL._AC_UL320_.jpg,true,false,1,2026-01-28T11:48:08.733Z,
B00002ND64,"Kidde, FA110G, Multi Purpose Fire Extinguisher for Home, Office, Dorm, Residential, 1A10BC",24.97,4.8,28300,Unknown,Tools & Home Improvement,46,Fire Extinguishers,1,,,4,17,AMZ,999680.4,25343,https://www.amazon.com/dp/B00002ND64,https://m.media-amazon.com/images/I/61l6HshoxLL._AC_UL320_.jpg,true,false,1,2026-01-28T11:48:08.733Z,
B08TYT543Y,"Prepared Hero Emergency Fire Blanket - 2 Pack - Fire Suppression for Kitchen, 40” x 40” Fiberglass Fire Blanket for Home",39.98,4.8,30700,USA,Tools & Home Improvement,87,Fire Safety,5,,,5,1,FBA,1986016.3,51251,https://www.amazon.com/dp/B08TYT543Y,https://m.media-amazon.com/images/I/71Ja4j-hJML._AC_UL320_.jpg,true,false,1,2026-01-28T11:48:08.734Z,
B0DH5CM2CC,"2-Pack Fire Extinguisher for Home, Kitchen, Car, and Grill with Mounting Bracket– Extinguishing Spray, Compact A, B, C, K – Eco-Friendly, Prevents Reignition.",19.8,4.7,1200,China,Tools & Home Improvement,510,Fire Extinguishers,3,,,1,1,FBA,211599.37,11345,https://www.amazon.com/dp/B0DH5CM2CC,https://m.media-amazon.com/images/I/71rRnzqT3+L._AC_UL320_.jpg,true,false,1,2026-01-28T11:48:08.734Z,
B0GCZBJSZQ,"6 in1 Carbon Monoxide Detector Combo with HD Screen Monoxide Alarm, Detects CO, Natural Gas, Smoke, Temperature, and Humidity for Home, Apartment, Hotel, Camping RV Safety Gifts Idea",35.99,4.5,45,China,Tools & Home Improvement,215,Smoke & Carbon Monoxide Alarms,3,,,3,1,FBA,20877.21,365,https://www.amazon.com/dp/B0GCZBJSZQ,https://m.media-amazon.com/images/I/71UtS2JbLnL._AC_UL320_.jpg,true,false,1,2026-01-28T11:48:08.734Z,
B0CX6PRPGY,"Kidde Smoke Detector, 10-Year Battery Powered, with LED Status Lights, 85 dB Alarm, 5-inches",29.22,4.4,15800,Unknown,Tools & Home Improvement,221,Smoke Detectors & Fire Alarms,3,,,6,1,AMZ,232925.29,1944,https://www.amazon.com/dp/B0CX6PRPGY,https://m.media-amazon.com/images/I/710QWA4Qi5L._AC_UL320_.jpg,true,false,1,2026-01-28T11:48:08.734Z,
B0CJMMVST2,"First Alert SMCO210, 10-Year Sealed Battery Combination Smoke & Carbon Monoxide Alarm with Slim Profile Design, 1-Pack",39.4,4.2,7500,Unknown,Tools & Home Improvement,371,Smoke & Carbon Monoxide Alarms,6,,,4,15,FBA,356082.98,8371,https://www.amazon.com/dp/B0CJMMVST2,https://m.media-amazon.com/images/I/6133EaBjygL._AC_UL320_.jpg,true,false,1,2026-01-28T11:48:08.735Z,
B0C5M773VW,"SecuCaptain Emergency Fire Blanket for Home and Kitchen - 2 Pack 40""x40"" Flame Suppression Fiberglass Fire Blankets for House Camping Car Office Warehouse Emergency Survival Safety",12.06,4.8,8600,China,Tools & Home Improvement,433,Fire Safety,21,,,7,2,FBA,383170.92,17352,https://www.amazon.com/dp/B0C5M773VW,https://m.media-amazon.com/images/I/81EUyYcaxFL._AC_UL320_.jpg,true,false,1,2026-01-28T11:48:08.735Z,
B0DDW7NL1K,"Kidde Hardwired Smoke & Carbon Monoxide Detector, AA Battery Backup Smoke Alarm, Interconnectable, LED Warning Light Indicators, 2 Pack",104.98,4.4,2500,Unknown,Tools & Home Improvement,284,Smoke & Carbon Monoxide Alarms,4,,,4,3,AMZ,223544.46,2827,https://www.amazon.com/dp/B0DDW7NL1K,https://m.media-amazon.com/images/I/71NDTXguf8L._AC_UL320_.jpg,true,false,1,2026-01-28T11:48:08.735Z,
B09P9K8K2J,"First Alert Home1-2, Standard Home Fire Extinguisher, Red, 2PACK",36.98,4.8,48800,Unknown,Tools & Home Improvement,313,Fire Extinguishers,2,,,5,3,AMZ,301783.1,8523,https://www.amazon.com/dp/B09P9K8K2J,https://m.media-amazon.com/images/I/71caBYmfQoL._AC_UL320_.jpg,true,false,1,2026-01-28T11:48:08.736Z,
B0CX6BWRMM,"Kidde Smoke and Carbon Monoxide Detector, 10-Year Battery Powered, LED Status Lights, 85 dB Alarm, 5-inches",60,4.4,4100,Unknown,Tools & Home Improvement,305,Smoke & Carbon Monoxide Alarms,5,,,6,1,AMZ,112214.2,1348,https://www.amazon.com/dp/B0CX6BWRMM,https://m.media-amazon.com/images/I/717N7VwR2gL._AC_UL320_.jpg,true,false,1,2026-01-28T11:48:08.736Z,
B07B4CG1PG,"First Alert 9120B Smoke Detector, Hardwired Alarm with Battery Backup, 3-Pack",52.39,4.6,6700,USA,Tools & Home Improvement,104,Smoke Detectors & Fire Alarms,2,,,6,7,FBA,657772.22,13723,https://www.amazon.com/dp/B07B4CG1PG,https://m.media-amazon.com/images/I/61LPi-3y2tL._AC_UL320_.jpg,true,false,1,2026-01-28T11:48:08.736Z,
B07B9BNN24,"First Alert Fire Extinguisher for Home & Commercial Use, Heavy Duty Rechargeable Compliance Unit, UL RATED 2-A:10-B:C, HOME2PRO, Red, 1-Pack",44.98,4.8,9900,Unknown,Tools & Home Improvement,727,Fire Extinguishers,4,,,3,12,AMZ,351852.8,6396,https://www.amazon.com/dp/B07B9BNN24,https://m.media-amazon.com/images/I/5145UYCSGoL._AC_UL320_.jpg,true,false,1,2026-01-28T11:48:08.737Z,
B00O8MVW3U,"BRK First Alert 9120BFF/ SMI100-AC Smoke Detector, Hardwired Alarm with Battery Backup, White, 1-Pack",20.96,4.6,18900,USA,Tools & Home Improvement,1077,Smoke Detectors & Fire Alarms,6,,,1,17,FBA,84188.82,4052,https://www.amazon.com/dp/B00O8MVW3U,https://m.media-amazon.com/images/I/71FMyNMOalL._AC_UL320_.jpg,true,false,1,2026-01-28T11:48:08.737Z,
B0CJMQH3WJ,"First Alert Smoke Alarm, 10-Year Sealed Battery Detector with Test & Silence Button, SMI110, 1-Pack",24.99,4.4,8000,Unknown,Tools & Home Improvement,1428,Smoke Detectors & Fire Alarms,9,,,2,2,AMZ,73366.05,2878,https://www.amazon.com/dp/B0CJMQH3WJ,https://m.media-amazon.com/images/I/71UD83zU2SL._AC_UL320_.jpg,true,false,1,2026-01-28T11:48:08.737Z,
B0DDW98CGJ,"Kidde Hardwired Smoke Detector, AA Battery Backup, Interconnectable, LED Warning Light Indicators, 4 Pack",99.97,4.6,19000,Unknown,Tools & Home Improvement,363,Smoke Detectors & Fire Alarms,4,,,6,2,AMZ,105415.71,2597,https://www.amazon.com/dp/B0DDW98CGJ,https://m.media-amazon.com/images/I/71rzOXtKNXL._AC_UL320_.jpg,false,false,1,2026-01-28T11:48:08.738Z,
B0DH5X7962,"Fire Extinguisher for Home, Car, Kitchen, and Boat 3-Pack, Portable Extinguishing Aerosol Spray Compact A, B, C, K – Includes Mounting Brackets for Easy Access.",24.9,4.7,686,China,Tools & Home Improvement,1830,Fire Extinguishers,6,,,3,1,FBA,33559.1,1348,https://www.amazon.com/dp/B0DH5X7962,https://m.media-amazon.com/images/I/71afF0k96jL._AC_UL320_.jpg,true,false,1,2026-01-28T11:48:08.738Z,
B0DJ1M79C4,"Fire Extinguisher for Home 1Pack, Kitchen, Car, and Grill,Compact Water-Based A, B, C, K Extinguisher with 6-Year Warranty and Easy Storage.",11.86,4.7,610,China,Tools & Home Improvement,2107,Fire Extinguishers,9,,,3,1,FBA,16265.96,1614,https://www.amazon.com/dp/B0DJ1M79C4,https://m.media-amazon.com/images/I/61oOdN0BS6L._AC_UL320_.jpg,true,false,1,2026-01-28T11:48:08.738Z,
B0CJMP11MB,"First Alert SM210, 10-Year Sealed Battery Smoke Alarm with Slim Profile Design, 1-Pack",26.98,4,5300,Unknown,Tools & Home Improvement,1386,Smoke Detectors & Fire Alarms,8,,,4,4,FBA,84388.37,2851,https://www.amazon.com/dp/B0CJMP11MB,https://m.media-amazon.com/images/I/51Uj3vxQczL._AC_UL320_.jpg,true,false,1,2026-01-28T11:48:08.739Z,
B0DBZWGX37,"2 Packs Combination Natural-Gas and Carbon-Monoxide-Detector,Koabbit 4-in-1 CO/LPG/LNG Explosive Gas Detector Alarm with Temperature(°F) & Humidity for Home,RV,Hotel,Apartment",55.99,4.4,892,China,Tools & Home Improvement,719,Carbon Monoxide Detectors,10,,,4,1,FBA,214384.42,4116,https://www.amazon.com/dp/B0DBZWGX37,https://m.media-amazon.com/images/I/61HF85piZWL._AC_UL320_.jpg,true,false,1,2026-01-28T11:48:08.739Z,
B0CX6BTBWL,"Kidde Hardwired Smoke Detector, 10-Year Battery Backup, Interconnectable, LED Warning Light Indicators, 20SA10",37.79,4.2,1800,Unknown,Tools & Home Improvement,627,Smoke Detectors & Fire Alarms,5,,,4,1,AMZ,758569.36,9532,https://www.amazon.com/dp/B0CX6BTBWL,https://m.media-amazon.com/images/I/719ckatHhhL._AC_UL320_.jpg,true,false,1,2026-01-28T11:48:08.739Z,
B0CLVRM95Q,First Alert SMCO100 Battery-Operated Combination Smoke & Carbon Monoxide Alarm - 3 Pack,108.79,4.6,28100,Unknown,Tools & Home Improvement,1156,Smoke & Carbon Monoxide Alarms,11,,,3,3,FBA,636170.79,10227,https://www.amazon.com/dp/B0CLVRM95Q,https://m.media-amazon.com/images/I/71cOl648VjL._AC_UL320_.jpg,true,false,1,2026-01-28T11:48:08.740Z,
B0FC69H96X,"Smoke Alarm Fire Detector,Battery Operated Photoelectric Smoke Detector with Test Button and Low Battery Warning, Fire Alarms Smoke Detectors for Home, 6 Pack",52.99,4.8,161,China,Tools & Home Improvement,1782,Smoke Detectors & Fire Alarms,10,,,1,1,FBA,116848.01,2225,https://www.amazon.com/dp/B0FC69H96X,https://m.media-amazon.com/images/I/71tEHgITQvL._AC_UL320_.jpg,true,false,1,2026-01-28T11:48:08.740Z,
B0CLVQF7MC,First Alert SMICO100-AC Interconnect Hardwire Combination Smoke & Carbon Monoxide Alarm with Battery Backup - 3 Pack,152.32,4.6,27800,Unknown,Tools & Home Improvement,177,Smoke & Carbon Monoxide Alarms,2,Carbon Monoxide Detectors,19,8,15,FBA,1084787.75,9534,https://www.amazon.com/dp/B0CLVQF7MC,https://m.media-amazon.com/images/I/81szIilT2dL._AC_UL320_.jpg,true,false,1,2026-01-28T11:48:08.741Z,
B0F7N7WGWY,"Kidde Smart Smoke and Carbon Monoxide Detector, Ring App Enabled for Real-Time Notifications, Hardwired Alarm, AA Backup Battery",74.97,4.4,142,Unknown,Tools & Home Improvement,1147,,,,,3,2,AMZ,220833.51,3429,https://www.amazon.com/dp/B0F7N7WGWY,https://m.media-amazon.com/images/I/61ot21QFMfL._AC_UL320_.jpg,true,true,1,2026-01-28T11:48:08.741Z,
B0DHGRDCLP,Ougist ABC Dry Powder Fire Extinguisher 2.5 lb 1‑A:10‑B:C Rated with Quick‑Release Handle for Home Kitchen Vehicle Safety Model FF1KG,32.99,4.9,40,China,Tools & Home Improvement,40511,Fire Extinguishers,51,,,1,1,FBA,5871.33,196,https://www.amazon.com/dp/B0DHGRDCLP,https://m.media-amazon.com/images/I/61GbTJRX0BL._AC_UL320_.jpg,true,true,1,2026-01-28T11:48:08.741Z,
B0GD15M4NR,"Flammable Storage Cabinet 40 Gallon, 35""W x 23""D x 18""H Fire Cabinet with Adjustable Shelf, Double-Wall Steel Hazardous Storage Cabinet for Chemical Storage, Industrial Safety Cabinet,Vohala（Red）",246,,,China,Industrial & Scientific,349142,Hazardous Storage Cabinets,109,,,9,1,N/A,N/A,N/A,https://www.amazon.com/dp/B0GD15M4NR,https://m.media-amazon.com/images/I/61oHqeqbMGL._AC_UL320_.jpg,false,true,1,2026-01-28T11:48:08.742Z,
B07MXDMRNC,"DIBBATU Fire Blanket for Home and Kitchen, Fire Blankets Emergency for Home, Emergency Fire Blankets Retardant for House, Fireproof Blanket, Survival FireBlanket for Kitchen,Fireplace, Grill, BBQ",11.99,4.8,7400,China,Tools & Home Improvement,2082,Fire Extinguishers,8,,,4,2,FBA,51082.49,2074,https://www.amazon.com/dp/B07MXDMRNC,https://m.media-amazon.com/images/I/71tv1EYU-dL._AC_UL320_.jpg,true,false,2,2026-01-28T11:51:48.461Z,
B0C634VLTV,"Kidde Fire Extinguisher for Kitchen, Residential, Single-Use, 711A",21.21,4.7,1000,Unknown,Tools & Home Improvement,2546,Fire Extinguishers,11,,,3,1,AMZ,52117.66,2457,https://www.amazon.com/dp/B0C634VLTV,https://m.media-amazon.com/images/I/71wk6b0MbmL._AC_UL320_.jpg,true,false,2,2026-01-28T11:51:48.461Z,
B002RRIKT2,"Chimfex by Orion Safety Products - CSIA Approved Chimney Fire Suppressant - Safe, Quick and Easy - Stops Chimney Fires in Homes in Under 22 Seconds",25.86,4.7,1000,USA,Tools & Home Improvement,2404,Fire Extinguishers,10,,,1,6,MERCH,43707.39,1648,https://www.amazon.com/dp/B002RRIKT2,https://m.media-amazon.com/images/I/71I6cIInD6L._AC_UL320_.jpg,false,false,2,2026-01-28T11:51:48.463Z,
B0DS2W3794,"First Alert SC5 Battery Smart Smoke & Carbon Monoxide Alarm, SMCO600NV, 1-Pack",113.08,3,457,Unknown,Tools & Home Improvement,1253,Smoke & Carbon Monoxide Alarms,20,,,2,16,FBA,370487.24,3269,https://www.amazon.com/dp/B0DS2W3794,https://m.media-amazon.com/images/I/41nlZGW22cL._AC_UL320_.jpg,true,false,2,2026-01-28T11:51:48.463Z,
B0CJVPY572,"Fire Extinguisher 2-Pack with Mounting Bracket for Home, Kitchen, Car, Grill - Portable Small A, B, C, K Fire Extinguisher - 8-in-1 - Prevents Reignition.",13.5,4.7,1500,China,Tools & Home Improvement,3012,Fire Extinguisher Mounts & Brackets,1,,,1,1,FBA,54322.38,3558,https://www.amazon.com/dp/B0CJVPY572,https://m.media-amazon.com/images/I/71ZDc1jcbwL._AC_UL320_.jpg,true,false,2,2026-01-28T11:51:48.463Z,
B07B923D27,"Hausse Retractable 2 Story Fire Escape Ladder, 13 Feet",69.99,4.6,1400,USA,Tools & Home Improvement,3471,Extension Ladders,1,Fire Escape Ladders,1,1,2,FBA,171365.94,2428,https://www.amazon.com/dp/B07B923D27,https://m.media-amazon.com/images/I/61ct31tsT9L._AC_UL320_.jpg,true,false,2,2026-01-28T11:51:48.464Z,
B0FBWDM9RK,"2 Pack Smoke Detector, Photoelectric Sensor Battery-powered Fire Smoke Alarm, LED warning light 85 dB alarm sound, low battery warning, mute and test buttons, suitable for living rooms, bedrooms, etc.",21.99,4.5,194,China,Tools & Home Improvement,1940,Smoke Detectors & Fire Alarms,11,,,6,1,FBA,73128.33,2888,https://www.amazon.com/dp/B0FBWDM9RK,https://m.media-amazon.com/images/I/61DsjLj6kkL._AC_UL320_.jpg,true,false,2,2026-01-28T11:51:48.465Z,
B0CQ4RDZMK,"2 Packs Carbon Monoxide Detectors,CO Detector Battery Powered,Carbon Monoxide Alarm with Sensitive CO Sensor,LCD Display and Sound Warning, for Home, Bedroom, Kitchen",19.99,4.4,1400,China,Tools & Home Improvement,246,Carbon Monoxide Detectors,7,,,3,1,FBA,90228.83,6575,https://www.amazon.com/dp/B0CQ4RDZMK,https://m.media-amazon.com/images/I/61w4D4hGUiL._AC_UL320_.jpg,true,false,2,2026-01-28T11:51:48.465Z,
B0DJPV3DLP,Electrical Fire Prevention Sensor & Service - Residential Use Only - 12 Months of Required Service Included - Home Fire Safety,99,4.5,372,USA,Tools & Home Improvement,2996,Fire Safety,70,,,1,1,MERCH,131621.53,1330,https://www.amazon.com/dp/B0DJPV3DLP,https://m.media-amazon.com/images/I/71kGwlg1ffL._AC_UL320_.jpg,false,false,2,2026-01-28T11:51:48.466Z,
B078HW9GY4,First Alert SC-9120B Hardwired Smoke and Carbon Monoxide Alarm with Battery Backup 2 Pack,113.5,4.7,4400,Canada,Tools & Home Improvement,2870,Smoke Detectors & Fire Alarms,18,,,2,5,MERCH,304901.78,3114,https://www.amazon.com/dp/B078HW9GY4,https://m.media-amazon.com/images/I/51Unh-h60zL._AC_UL320_.jpg,true,false,2,2026-01-28T11:51:48.466Z,
B0CWY4Q63T,"Ougist ABC Fire Extinguisher for Home & Vehicle - 2.5 lb 1-A:10-B:C Rated, Dry Chemical Fire Safety with Quick-Release Handle, Certified for Kitchen/Car/Boat Use-Model FF1KG",35.19,4.7,455,China,Tools & Home Improvement,2021,Fire Extinguishers,7,,,2,2,FBA,90145.82,2368,https://www.amazon.com/dp/B0CWY4Q63T,https://m.media-amazon.com/images/I/61HQjaidobL._AC_UL320_.jpg,true,false,2,2026-01-28T11:51:48.466Z,
B0CGQ2T6R8,"3-Pack Fire Extinguisher for Home, Kitchen, Car, Boat - ABCK Class Extinguisher with Mounting Bracket - Compact & Portable for Emergency Use.",22.9,4.8,1100,China,Tools & Home Improvement,4460,Fire Extinguishers,16,,,1,2,FBA,29192.87,1402,https://www.amazon.com/dp/B0CGQ2T6R8,https://m.media-amazon.com/images/I/71xEeMI47rL._AC_UL320_.jpg,true,false,2,2026-01-28T11:51:48.467Z,
B086S4Y9H5,"Kidde Hardwired Smoke & Carbon Monoxide Detector, Battery Backup, Interconnectable, LED Warning Light Indicators",119.99,4.5,11300,USA,Tools & Home Improvement,3815,Smoke & Carbon Monoxide Alarms,25,Carbon Monoxide Detectors,31,3,2,MERCH,445490.45,2472,https://www.amazon.com/dp/B086S4Y9H5,https://m.media-amazon.com/images/I/61-B9PxPuVL._AC_UL320_.jpg,false,false,2,2026-01-28T11:51:48.467Z,
B0CJC7CJ3L,"3 Packs Smoke and Carbon Monoxide Detector Powered by Battery,Portable Smoke Detector Carbon Monoxide Detector Combo with Large LCD Display, Fire Alarm Smoke Detector for Home,Kitchen",47.19,4.4,1000,China,Tools & Home Improvement,1141,Smoke & Carbon Monoxide Alarms,10,,,4,1,FBA,80285.03,1651,https://www.amazon.com/dp/B0CJC7CJ3L,https://m.media-amazon.com/images/I/61jU3BE9RoL._AC_UL320_.jpg,false,false,2,2026-01-28T11:51:48.468Z,
B0BW34KRX2,"Mondoshop Fire Blankets Emergency for Kitchen Home - Emergency Fire Retardant Blanket for Home Fireproof Blanket for Camping, Grill, Car, Office, Warehouse, School, Picnic, Fireplace",11.99,4.8,4600,China,Tools & Home Improvement,3608,Fire Safety,86,,,12,3,FBA,102789.9,5919,https://www.amazon.com/dp/B0BW34KRX2,https://m.media-amazon.com/images/I/81lze2FyINL._AC_UL320_.jpg,true,false,2,2026-01-28T11:51:48.468Z,
B0CJM4JZ8N,"Fire Blanket for Home and Kitchen,40"" x 40"",4 Pack,Emergency Fire Blanket",21.59,4.8,1900,China,Tools & Home Improvement,3383,Fire Extinguishers,14,,,3,2,FBA,80124.47,3960,https://www.amazon.com/dp/B0CJM4JZ8N,https://m.media-amazon.com/images/I/8157OaB1lwL._AC_UL320_.jpg,true,false,2,2026-01-28T11:51:48.469Z,
B0DLNT12BK,"2 Packs, 2 in 1 CO & Smoke Detectors,Carbon Monoxide Detectors,Smoke Detector Battery Powered,（Include 3 * 1.5V AA Battery）,85 db Smoke Alarm,Fire Alarm,Easy Install,Portable",38.95,4.5,378,China,Tools & Home Improvement,1866,Smoke & Carbon Monoxide Alarms,14,,,3,1,FBA,139924.84,2324,https://www.amazon.com/dp/B0DLNT12BK,https://m.media-amazon.com/images/I/71yeRwioohL._AC_UL320_.jpg,false,false,2,2026-01-28T11:51:48.469Z,
B0CH9VLRYY,"Smoke and Carbon Monoxide Detector, 2 in 1 Smoke Detector, LED Warning Light Indicators, 10 Year Battery (White), 4 Pack",89.99,4.3,200,China,Tools & Home Improvement,5419,Carbon Monoxide Detectors,34,,,2,3,FBA,40858.12,454,https://www.amazon.com/dp/B0CH9VLRYY,https://m.media-amazon.com/images/I/71TXZWBw8WL._AC_UL320_.jpg,true,false,2,2026-01-28T11:51:48.469Z,
B07YYXP3G9,"Kidde Fire Extinguisher for Boats, Single-Use 5BC",18.98,4.8,2400,Unknown,Tools & Home Improvement,2726,Fire Extinguishers,12,,,6,3,AMZ,60546.87,2500,https://www.amazon.com/dp/B07YYXP3G9,https://m.media-amazon.com/images/I/61n9ZfVVqQL._AC_UL320_.jpg,true,false,2,2026-01-28T11:51:48.470Z,
B0064S9O1S,SC9120B Smoke and Carbon Monoxide Alarm,70,4.5,112,Canada,Tools & Home Improvement,3878,Smoke & Carbon Monoxide Alarms,26,,,1,3,MERCH,78334.7,1161,https://www.amazon.com/dp/B0064S9O1S,https://m.media-amazon.com/images/I/71siOi7eSIL._AC_UL320_.jpg,false,false,2,2026-01-28T11:51:48.470Z,
B0CST817LC,"2-Pack Fire Extinguisher Kit,Compact ABCK Spray for Home, Kitchen, Car, Grill | Eco-Friendly, Anti-Reignition | Mounting Bracket.",17.94,4.6,473,China,Tools & Home Improvement,2793,Fire Extinguishers,13,,,2,1,FBA,48827.01,2150,https://www.amazon.com/dp/B0CST817LC,https://m.media-amazon.com/images/I/7165-mhaBQL._AC_UL320_.jpg,true,false,2,2026-01-28T11:51:48.471Z,
B0F4KR3B9G,"Smoke Detector Carbon Monoxide Detector,2 in 1 Fire & CO Alarm,Battery Powered,Carbon Monoxide Gas Detector with LCD Digital Display Sound and Light Alarm for Bedroom Warehouse Kitchen or RV Travel",22.99,4.5,128,China,Tools & Home Improvement,4368,Smoke Detectors & Fire Alarms,19,,,1,1,FBA,28256.28,1229,https://www.amazon.com/dp/B0F4KR3B9G,https://m.media-amazon.com/images/I/716PEfnlCjL._AC_UL320_.jpg,true,false,2,2026-01-28T11:51:48.472Z,
B0DNSFYQP5,"Smoke Detector Carbon Monoxide Gas Alarm, Fire Carbon Monoxide (CO) Detector 2 in 1 with Digital Display and Sound Light Alarm, Battery Operated Suitable for Bedroom Warehouse Kitchen or RV Travel",22.99,4.5,242,China,Tools & Home Improvement,5278,Smoke & Carbon Monoxide Alarms,29,,,1,1,FBA,30816.51,1340,https://www.amazon.com/dp/B0DNSFYQP5,https://m.media-amazon.com/images/I/61zqExRJx4L._AC_UL320_.jpg,true,false,2,2026-01-28T11:51:48.473Z,
B0CB9GWDGF,"Kidde Multipurpose Fire Extinguisher for Home, Office, Dorm, Residential 3A40BC",49.94,4.7,450,Unknown,Tools & Home Improvement,11657,Fire Extinguishers,28,,,1,1,AMZ,59628.43,1194,https://www.amazon.com/dp/B0CB9GWDGF,https://m.media-amazon.com/images/I/71llW4aA3SL._AC_UL320_.jpg,true,true,2,2026-01-28T11:51:48.473Z,
B091RZYBBZ,"FACP Inside Sign, Fire Safety Sign, 6x12 Inches, Rust Free .040 Aluminum, Fade Resistant, Indoor/Outdoor Use, Made in USA",15.49,,,USA,,,,,,,3,1,MERCH,0,N/A,https://www.amazon.com/dp/B091RZYBBZ,https://m.media-amazon.com/images/I/614VBfzZTjL._AC_UL320_.jpg,false,true,2,2026-01-28T11:51:48.474Z,
B09ZKJJ4Z9,"Fire Hose Connection Sign, Fire Safety Sign, (SI-5715) 10x7 Inches, 55 mil Thick HDPS (high Density polystyrene), Made in USA",10.99,,,USA,Industrial & Scientific,1188360,Industrial Warning Signs,43967,,,14,1,MERCH,0,N/A,https://www.amazon.com/dp/B09ZKJJ4Z9,https://m.media-amazon.com/images/I/61eldpQmg9L._AC_UL320_.jpg,false,true,2,2026-01-28T11:51:48.474Z,
B001229JCU,"First Alert EZ Fire Spray, Extinguishing Aerosol Spray, AF400 Red 18 Ounce (Pack of 1)",13.99,4.8,12600,Amazon,Tools & Home Improvement,4148,Fire Extinguishers,15,,,2,5,AMZ,39220.48,1638,https://www.amazon.com/dp/B001229JCU,https://m.media-amazon.com/images/I/71uXDoLaSyL._AC_UL320_.jpg,true,false,3,2026-01-28T11:54:01.040Z,
B011O2WW1C,"First Alert CO710 Carbon Monoxide Detector with 10-Year Battery and Digital Temperature Display , White",32.99,4.6,3900,Unknown,Tools & Home Improvement,10226,Carbon Monoxide Detectors,60,,,2,3,AMZ,91126.85,2607,https://www.amazon.com/dp/B011O2WW1C,https://m.media-amazon.com/images/I/61DYZ1AjmOL._AC_UL320_.jpg,true,false,3,2026-01-28T11:54:01.040Z,
B0C35X5GFC,SimpliSafe Smoke & Carbon Monoxide Detector,69.99,4.7,484,Unknown,Tools & Home Improvement,5478,Smoke & Carbon Monoxide Alarms,30,,,2,1,AMZ,83250.34,1192,https://www.amazon.com/dp/B0C35X5GFC,https://m.media-amazon.com/images/I/51KPX3+EcIL._AC_UL320_.jpg,true,false,3,2026-01-28T11:54:01.041Z,
B0DGLFL7K8,"TOPTES CT-580 Portable Carbon Monoxide Detector, Rechargeable CO Detector with Vibration, Visual & Audible Alarms, 0-1000PPM, TFT Color Display for Home, Camping, Travel, Industrial & Professional Use",59.99,4.6,512,China,Tools & Home Improvement,4451,Carbon Monoxide Detectors,29,,,1,3,FBA,76806.91,1317,https://www.amazon.com/dp/B0DGLFL7K8,https://m.media-amazon.com/images/I/71Wi-JkGbQL._AC_UL320_.jpg,true,false,3,2026-01-28T11:54:01.041Z,
B0F8BGM9XK,"Smoke Detector, Fire Alarms Smoke Detectors, Smoke Alarm Battery Powered, Portable Smoke Detectors with LED Indicator, MY-S05, 1 Pack",8.99,4.3,302,China,Tools & Home Improvement,3267,Smoke Detectors & Fire Alarms,15,,,3,1,FBA,22404.93,1574,https://www.amazon.com/dp/B0F8BGM9XK,https://m.media-amazon.com/images/I/61s4QI7RP3L._AC_UL320_.jpg,true,false,3,2026-01-28T11:54:01.041Z,
B0CB9GY6PM,"Kidde Fire Extinguisher for Home, For Residential and Living Area Use, 2A10BC",43.98,4.7,794,Unknown,Tools & Home Improvement,5813,Fire Extinguishers,21,,,1,1,AMZ,76969.31,1750,https://www.amazon.com/dp/B0CB9GY6PM,https://m.media-amazon.com/images/I/810StJOSJwL._AC_UL320_.jpg,true,false,3,2026-01-28T11:54:01.042Z,
B09RLLWTG8,"First Alert Two-Story Fire Escape Ladder, 14 Feet, Steel, Anti-Slip, Black",54.99,4.8,513,Unknown,Tools & Home Improvement,5261,Fire Escape Ladders,2,,,2,25,FBA,68552.67,1148,https://www.amazon.com/dp/B09RLLWTG8,https://m.media-amazon.com/images/I/81Z7jnV4pPL._AC_UL320_.jpg,true,false,3,2026-01-28T11:54:01.042Z,
B0C63914WK,"Kidde Kitchen Fire Extinguishers for Home & Office Use, 2 Pack: One 1-A:10-B:C and One Specialty Kitchen Extinguisher, Wall Mount & Strap Brackets Included",49.97,4.8,1100,Unknown,Tools & Home Improvement,4990,Fire Extinguishers,17,,,2,1,AMZ,73349,1468,https://www.amazon.com/dp/B0C63914WK,https://m.media-amazon.com/images/I/81ehwFJHPmL._AC_UL320_.jpg,true,false,3,2026-01-28T11:54:01.042Z,
B0CB9GFZ9M,"Kidde Basic Fire Extinguisher for Home, Office, Residential, Single-Use, 5BC",24.97,4.8,1400,Unknown,Tools & Home Improvement,6374,Fire Extinguishers,22,,,6,1,AMZ,37212.07,1491,https://www.amazon.com/dp/B0CB9GFZ9M,https://m.media-amazon.com/images/I/71varOnDScL._AC_UL320_.jpg,true,false,3,2026-01-28T11:54:01.042Z,
B0G4WZTMJ2,3 in 1 Multi Gas Detector Smoke Carbon Monoxide and Heat Detector 10 Year Battery Powered CO Alarm with Clear LCD Display and Audible Alarm for Home Safety and Protection Includes Battery,23.99,4.8,31,China,Tools & Home Improvement,5923,Smoke & Carbon Monoxide Alarms,33,,,1,1,FBA,15586,675,https://www.amazon.com/dp/B0G4WZTMJ2,https://m.media-amazon.com/images/I/61HQCypXiGL._AC_UL320_.jpg,true,false,3,2026-01-28T11:54:01.043Z,
B07NRY6CLT,"Hausse Retractable 3 Story Fire Escape Ladder, 25 Feet",89.99,4.6,1200,USA,Tools & Home Improvement,7164,Fire Escape Ladders,3,,,1,1,FBA,123184.37,1273,https://www.amazon.com/dp/B07NRY6CLT,https://m.media-amazon.com/images/I/61eWdDQQfmL._AC_UL320_.jpg,true,false,3,2026-01-28T11:54:01.043Z,
B0D6RWP9JC,"Combination Gas & Carbon Monoxide Detectors Plug in,Hembisen 2-in-1 Natural Gas Detector & Carbon Monoxide Alarm, CO Detector Alarm & Propane, Explosive Gas Detector for Home,RV,Easy to Install",30.59,4.3,1800,China,Tools & Home Improvement,2945,Carbon Monoxide Detectors,21,,,4,1,FBA,92547.53,1835,https://www.amazon.com/dp/B0D6RWP9JC,https://m.media-amazon.com/images/I/616f+y2-9xL._AC_UL320_.jpg,true,false,3,2026-01-28T11:54:01.043Z,
B0FP3MM8W4,"Kidde Smart Smoke and Carbon Monoxide Detector, Ring App Enabled for Real-Time Notifications, Wire-Free Interconnectivity, AA Battery Powered",69.98,4.4,142,Unknown,Tools & Home Improvement,1143,,,,,3,1,AMZ,220833.51,3429,https://www.amazon.com/dp/B0FP3MM8W4,https://m.media-amazon.com/images/I/61Pfegyw9LL._AC_UL320_.jpg,true,false,3,2026-01-28T11:54:01.044Z,
B0D9NJ9BV5,"2 Pack Smoke and Carbon Monoxide Detector,Smoke Detector Carbon Monoxide Detector Combo with Batteries,Fire Alarm Smoke Detector with Test Button and Digital Display",48.99,4.6,1000,China,Tools & Home Improvement,4928,Carbon Monoxide Detectors,30,,,3,1,FBA,160950.62,3374,https://www.amazon.com/dp/B0D9NJ9BV5,https://m.media-amazon.com/images/I/61qI893DE+L._AC_UL320_.jpg,true,false,3,2026-01-28T11:54:01.044Z,
B0DG6KPX7Y,Carbon Monoxide Detectors Plug in Wall ，CO Detector 100-250V AC Power Operated，Portable Travel Carbon Monoxide Alarm with LCD Display Sound Light Warning for Home/Hotel/RV,13.99,4.6,127,China,Tools & Home Improvement,7407,Carbon Monoxide Detectors,43,,,5,1,FBA,16438.3,1175,https://www.amazon.com/dp/B0DG6KPX7Y,https://m.media-amazon.com/images/I/5113ZE6MAJL._AC_UL320_.jpg,false,false,3,2026-01-28T11:54:01.044Z,
B0DZH2MHHY,"4 Pack Combination Smoke and Carbon Monoxide Detector Battery Operated, Travel Portable Photoelectric Fire&Co Alarm for Home, Kitchen",62.98,4.2,15,China,Tools & Home Improvement,8907,Smoke & Carbon Monoxide Alarms,41,,,3,1,FBA,5235.83,83,https://www.amazon.com/dp/B0DZH2MHHY,https://m.media-amazon.com/images/I/51JwxIlDKmL._AC_UL320_.jpg,true,false,3,2026-01-28T11:54:01.045Z,
B0CJLCXYY6,"First Alert Smoke Alarm, Interconnect Hardwire Detector with 10-Year Battery Backup, SMI105-AC, 3-Pack",92.23,4.5,1900,USA,Tools & Home Improvement,5063,Smoke Detectors & Fire Alarms,22,,,2,18,FBA,88222.17,1619,https://www.amazon.com/dp/B0CJLCXYY6,https://m.media-amazon.com/images/I/71NqaschTzL._AC_UL320_.jpg,true,false,3,2026-01-28T11:54:01.045Z,
B0FDGRQS6S,10-Year Sealed Battery 2-in-1 Smoke & Carbon Monoxide Detector Alarm | Home/Garage Combo CO & Smoke Alarm Detector with Backlit LCD Display & V-0 Flame-Retardant Housing (1-Pack),37.99,4.6,56,China,Tools & Home Improvement,5867,Smoke & Carbon Monoxide Alarms,32,,,2,1,FBA,51980.05,1019,https://www.amazon.com/dp/B0FDGRQS6S,https://m.media-amazon.com/images/I/61Oo1rzeiZL._AC_UL320_.jpg,true,false,3,2026-01-28T11:54:01.045Z,
B0G11TD6F1,"Smoke Detector Carbon Monoxide Detector Combo, 2 in 1 Smoke and Carbon Monoxide Alarm with Display 85dB Alarm Replaceable Battery Fire Alarm CO Detector for Kitchen,Office",23.99,4.6,39,Unknown,Tools & Home Improvement,4519,Smoke & Carbon Monoxide Alarms,27,,,3,1,FBA,45382.75,1196,https://www.amazon.com/dp/B0G11TD6F1,https://m.media-amazon.com/images/I/61u3Q5FApAL._AC_UL320_.jpg,true,false,3,2026-01-28T11:54:01.046Z,
B0777R7JVF,"Amerex B500, 5 lb ABC Dry Chemical Fire Extinguisher – Class A, B & C Rated with 12–18 Ft Range and 14 Second Discharge Time, 2-Pack",139.99,4.6,3200,USA,Tools & Home Improvement,8880,Fire Extinguishers,24,,,1,9,FBA,149422.27,1096,https://www.amazon.com/dp/B0777R7JVF,https://m.media-amazon.com/images/I/71iebjt4Y2L._AC_UL320_.jpg,true,false,3,2026-01-28T11:54:01.046Z,
B0CX6RMV4B,"Kidde Smoke Detector, AA Battery Powered LED Status Lights, 85 dB Alarm, 5-inches",30.77,4.5,849,Unknown,Tools & Home Improvement,5249,Smoke Detectors & Fire Alarms,23,,,2,1,AMZ,9095.24,225,https://www.amazon.com/dp/B0CX6RMV4B,https://m.media-amazon.com/images/I/71nO9VPIUEL._AC_UL320_.jpg,true,false,3,2026-01-28T11:54:01.046Z,
B0FFTJGP46,"Interconnected Smoke and Carbon Monoxide Detector, 10-Year Battery Wireless Interlinked Smoke & CO Alarm with Dual Sensors, Home Fire & CO Safety Protection (6Pack)",124.99,4.5,101,China,Tools & Home Improvement,3260,Smoke & Carbon Monoxide Alarms,21,,,3,1,FBA,135266.84,1525,https://www.amazon.com/dp/B0FFTJGP46,https://m.media-amazon.com/images/I/71eFKoGVXQL._AC_UL320_.jpg,false,false,3,2026-01-28T11:54:01.047Z,
B004QO9VRY,"FIRST ALERT CO400-3 Carbon Monoxide Detector, Battery Operated, White , 3-Pack -CO400-3",49.49,4.6,22400,Unknown,Tools & Home Improvement,84,Carbon Monoxide Detectors,2,,,4,4,FBA,465384.24,16437,https://www.amazon.com/dp/B004QO9VRY,https://m.media-amazon.com/images/I/714ce2d8HEL._AC_UL320_.jpg,true,false,3,2026-01-28T11:54:01.047Z,
B002U0KGDY,"First Alert EZ Fire Spray, Extinguishing Aerosol Spray, Pack of 2, AF400-2, RED",31.8,4.8,7100,Amazon,Tools & Home Improvement,9419,Fire Extinguishers,25,,,2,4,AMZ,27399.12,815,https://www.amazon.com/dp/B002U0KGDY,https://m.media-amazon.com/images/I/81sC-sYuRWL._AC_UL320_.jpg,true,false,3,2026-01-28T11:54:01.048Z,
B0045PS1DO,"First Alert Fire Extinguisher | Marine Fire Extinguisher, White, FE1A10GR, 1-Pack, 14""",29.98,4.8,10100,Unknown,Tools & Home Improvement,5395,Fire Extinguishers,18,,,4,4,AMZ,43767.27,1351,https://www.amazon.com/dp/B0045PS1DO,https://m.media-amazon.com/images/I/51Lk4oC8x5L._AC_UL320_.jpg,true,true,3,2026-01-28T11:54:01.049Z,
B0DJHQHHVW,"Combustible Gas & Carbon Monoxide Detector 4-in-1 Alarm with Temp/Humidity Sensor – Plug-in CO/Gas Leak Detector for Home, RV, Apartment Safety (Explosive Gas & CO Detection) (CO&Gas, 2-Pack)",56.98,4.5,317,China,Tools & Home Improvement,76734,Carbon Monoxide Detectors,170,,,6,1,FBA,2944.93,78,https://www.amazon.com/dp/B0DJHQHHVW,https://m.media-amazon.com/images/I/71YTj8eCivL._AC_UL320_.jpg,true,true,3,2026-01-28T11:54:01.049Z,
B0DWH5HB78,"Kidde Smoke Alarm SMACFEX, 120V Hardwired with Battery Backup I4618AC Replacement (21033081)",37.5,4.5,40,USA,Tools & Home Improvement,9805,Smoke Detectors & Fire Alarms,27,,,1,13,MERCH,31239.2,954,https://www.amazon.com/dp/B0DWH5HB78,https://m.media-amazon.com/images/I/41-8dnewkqL._AC_UL320_.jpg,true,false,4,2026-01-28T11:57:56.344Z,
B07G95Z38H,FIRST ALERT SC9120B Corded Electric Combination Alarm with Adapter Plugs for Easy Replacement,89.99,4.6,2200,USA,Tools & Home Improvement,11358,Smoke & Carbon Monoxide Alarms,46,,,2,4,FBA,131272.31,1592,https://www.amazon.com/dp/B07G95Z38H,https://m.media-amazon.com/images/I/71tXFGPT0PL._AC_UL320_.jpg,true,false,4,2026-01-28T11:57:56.344Z,
B0FDGS1PWR,10-Year Sealed Battery 2-in-1 Smoke & Carbon Monoxide Detector Alarm | Home/Garage Combo CO & Smoke Alarm Detector with LED Warning Light Indicators & V-0 Flame-Retardant Housing(1-Pack),36.99,4.6,45,China,Tools & Home Improvement,6549,Smoke & Carbon Monoxide Alarms,34,,,2,1,FBA,50211.72,991,https://www.amazon.com/dp/B0FDGS1PWR,https://m.media-amazon.com/images/I/61qhJWSMh4L._AC_UL320_.jpg,true,false,4,2026-01-28T11:57:56.345Z,
B0C8JYB3HY,"LifeSafe Technologies StaySafe All-in-1 Portable Fire Extinguisher, Compact Fire Spray Easy to use on 10 Types of Fires, Non-Toxic & Eco-Friendly",23.99,4.7,3200,USA,Tools & Home Improvement,5632,Fire Extinguishers,20,,,3,4,FBA,74902.87,1820,https://www.amazon.com/dp/B0C8JYB3HY,https://m.media-amazon.com/images/I/61W55Twvd+L._AC_UL320_.jpg,true,false,4,2026-01-28T11:57:56.345Z,
B0D1XQ9Z6R,"Carbon Monoxide Detectors with 10-Year Battery, Digital LCD Display, LED Flashing Signal Lights Portable CO Monitor Alarm for Travel, RV, Home, and Depot (1 Pack)",29.99,4.6,189,China,Tools & Home Improvement,10657,Carbon Monoxide Detectors,63,,,2,1,FBA,37599.09,1264,https://www.amazon.com/dp/B0D1XQ9Z6R,https://m.media-amazon.com/images/I/61hn+T6cJ3L._AC_UL320_.jpg,true,false,4,2026-01-28T11:57:56.345Z,
B08Z61XL6V,"Mart Cobra Fire Blanket 2-Pack – Emergency Fire Suppression for Home & Kitchen – 40""x40"" Fireproof Fiberglass Safety Blankets – Heat Resistant & Easy to Use – Smothers Grease & Electrical Fires",37.97,4.8,5600,USA,Tools & Home Improvement,7065,Fire Safety,127,,,3,2,FBA,109368.29,2389,https://www.amazon.com/dp/B08Z61XL6V,https://m.media-amazon.com/images/I/71-NfVyvefL._AC_UL320_.jpg,true,false,4,2026-01-28T11:57:56.345Z,
B0FXB4C22Z,"Carbon Monoxide Detectors & Smoke Detector, Gas and Carbon Monoxide Detectors Plug in & Battery Backup with Temperature Humidity Detection, Adjustable Sound & Brightness for Home/RV/Travel/Camping",39.97,4.5,62,Unknown,Tools & Home Improvement,8793,Smoke & Carbon Monoxide Alarms,39,,,3,2,FBA,58749.36,1028,https://www.amazon.com/dp/B0FXB4C22Z,https://m.media-amazon.com/images/I/610+pq-1KrL._AC_UL320_.jpg,true,false,4,2026-01-28T11:57:56.346Z,
B0DQ8KKWCG,"Gas Leak Detector, Natural Gas Alarm for Home & RV, Plug-in Propane Detector Monitor with Audible & Visual Alarm, AC 110V-240V, White Color",24.99,4.6,411,Hong Kong,Tools & Home Improvement,8468,Combination Gas & Carbon Monoxide Detectors,5,,,5,1,FBA,35458.39,1177,https://www.amazon.com/dp/B0DQ8KKWCG,https://m.media-amazon.com/images/I/615KSsA3zDL._AC_UL320_.jpg,true,false,4,2026-01-28T11:57:56.346Z,
B0FFM449TM,High-Precision CO Detector Ultra-Fast Response Durable & Stable 24/7 Monitoring with Instant Alarm Stable Performance CO Alarm Ultra-Fast Sensing Durable Metal Housing,24.99,4.7,34,China,Tools & Home Improvement,10619,Combination Gas & Carbon Monoxide Detectors,6,,,1,2,FBA,8759.76,438,https://www.amazon.com/dp/B0FFM449TM,https://m.media-amazon.com/images/I/61eyLA9+TyL._AC_UL320_.jpg,true,false,4,2026-01-28T11:57:56.346Z,
B071GGL75N,"Klein Tools ET110 CO Meter, Carbon Monoxide Tester and Detector with Exposure Limit Alarm, 4 x AAA Batteries and Carry Pouch Included",139.99,4.5,1200,Unknown,Tools & Home Improvement,12087,Carbon Monoxide Detectors,68,,,1,10,FBA,130340.52,961,https://www.amazon.com/dp/B071GGL75N,https://m.media-amazon.com/images/I/41OvBezA3JL._AC_UL320_.jpg,true,false,4,2026-01-28T11:57:56.346Z,
B0F2DRSLMN,"Carbon Monoxide Detector,Portable CO Alarm CO Gas Monitor Alarm with LCD Digital Display Sound Light Warning,Battery Powered High Accuracy CO Alarm Detectors for Travel Home Office Kitchen Car Hotel",13.99,4.2,139,China,Tools & Home Improvement,11086,Carbon Monoxide Detectors,65,,,2,1,FBA,12813.12,916,https://www.amazon.com/dp/B0F2DRSLMN,https://m.media-amazon.com/images/I/71KcEjGDCNL._AC_UL320_.jpg,true,false,4,2026-01-28T11:57:56.347Z,
B0FPRCHQ5Y,"10-Year Battery Smoke and Carbon Monoxide Detector, 2-in-1 Smoke CO Alarm with Digital Display, Reliable Fire and CO Alarm for Home, Bedroom, Kitchen (1 Pack)",25.99,4.5,201,Unknown,Tools & Home Improvement,2425,Carbon Monoxide Detectors,18,,,12,2,FBA,164453.02,2688,https://www.amazon.com/dp/B0FPRCHQ5Y,https://m.media-amazon.com/images/I/61MsZgZRLFL._AC_UL320_.jpg,true,false,4,2026-01-28T11:57:56.347Z,
B0F8B258SY,"AGT-2309 Portable Carbon Monoxide Detector, 15-Day Standby, Rechargeable Mini CO Monitor with Lanyard for Travel & Camping, Handheld CO Meter with Audible & Visual Alerts, 0-1000ppm - Blue",36.99,4.7,199,China,Tools & Home Improvement,11590,Carbon Monoxide Detectors,66,,,2,1,FBA,35768.95,1054,https://www.amazon.com/dp/B0F8B258SY,https://m.media-amazon.com/images/I/513ctELJlAL._AC_UL320_.jpg,true,false,4,2026-01-28T11:57:56.348Z,
B0DDWD4D7H,"Kidde Smoke & Carbon Monoxide Detector, AA Battery Powered, LED Warning Light Indicators, 4 Pack",184.97,4.5,708,Unknown,Tools & Home Improvement,2006,Smoke & Carbon Monoxide Alarms,15,,,2,1,AMZ,260770.93,2837,https://www.amazon.com/dp/B0DDWD4D7H,https://m.media-amazon.com/images/I/7156gRl8QRL._AC_UL320_.jpg,true,false,4,2026-01-28T11:57:56.348Z,
B0DWKB4GLH,"4-in-1 Carbon Monoxide Detectors & Natural Gas Leak Detector Plug in, Combination CO Detector & Combustible Gas, LPG, Methane, Propane Alarm with Fahrenheit(°F) & Humidity(1 Pack)",25.99,4.2,239,China,Tools & Home Improvement,7333,Carbon Monoxide Detectors,42,,,3,1,FBA,35188.84,1023,https://www.amazon.com/dp/B0DWKB4GLH,https://m.media-amazon.com/images/I/618Koc+VRnL._AC_UL320_.jpg,true,false,4,2026-01-28T11:57:56.348Z,
B0F2DYZNCY,"Carbon Monoxide Detectors, Plug in CO Detector with LED Digital Display, Portable CO Alarm Monitor for Home, Hotel, Office, RV",17.99,4.4,154,China,Tools & Home Improvement,5535,Carbon Monoxide Detectors,35,,,2,1,FBA,11447.14,532,https://www.amazon.com/dp/B0F2DYZNCY,https://m.media-amazon.com/images/I/51bRF2e+E0L._AC_UL320_.jpg,true,false,4,2026-01-28T11:57:56.349Z,
B0D9QHML7C,"Upgraded 8-IN-1 Fire Extinguisher for Home Vehicle Car Kitchen Boat, Small Fire Extinguishers Spray with Mount for Class A B C K Fire, Portable Non-Toxic Prevent Re-Ignition Easy Clean (2 Pack)",19.8,4.5,607,Unknown,Tools & Home Improvement,8615,Fire Extinguishers,23,,,4,2,FBA,29611.56,1165,https://www.amazon.com/dp/B0D9QHML7C,https://m.media-amazon.com/images/I/71VvGKTrNcL._AC_UL320_.jpg,true,false,4,2026-01-28T11:57:56.349Z,
B0CJMNJ6GF,"First Alert SMICO110, 10-Year Battery Combination Smoke & Carbon Monoxide Alarm, 1-Pack",44.99,4.4,290,Unknown,Tools & Home Improvement,14432,Smoke Detectors & Fire Alarms,37,Smoke & Carbon Monoxide Alarms,52,1,7,FBA,38804.14,868,https://www.amazon.com/dp/B0CJMNJ6GF,https://m.media-amazon.com/images/I/71p7u75N-RL._AC_UL320_.jpg,true,false,4,2026-01-28T11:57:56.349Z,
B0DBGTSN9R,"Smoke Detector Fire Alarms 9V Battery Operated Photoelectric Sensor Smoke Alarms Easy to Install with Light Sound Warning, Test Button,9V Battery Included Fire Safety for Home (3)",29.99,4.4,80,China,Tools & Home Improvement,9636,Smoke Detectors & Fire Alarms,26,,,1,1,FBA,7227.98,263,https://www.amazon.com/dp/B0DBGTSN9R,https://m.media-amazon.com/images/I/51paBCTjOEL._AC_UL320_.jpg,true,false,4,2026-01-28T11:57:56.350Z,
B0CBR6SCRX,"Portable Fire Extinguisher | 4-in-1 Small Fire Extinguisher for Home, Garage, Kitchen, Car | For Electric, Textile and Grease Fires | Non-Toxic, Easy Clean | Wall Mount Incl (1 pack)",12.59,4.7,901,China,Tools & Home Improvement,10129,Fire Extinguishers,26,,,4,2,FBA,17315.49,1097,https://www.amazon.com/dp/B0CBR6SCRX,https://m.media-amazon.com/images/I/61jPAuDGcQL._AC_UL320_.jpg,true,false,4,2026-01-28T11:57:56.350Z,
B0DYDX78SM,"NICGOL 4-in-1 Upgraded Natural Gas Detector & Carbon Monoxide Detectors - Carbon Monoxide Detectors Plug in - Natural Gas, Propane, Co Detector, Temperature & Humidity Detectors for Home, RV (White)",32.97,4.2,160,China,Tools & Home Improvement,11159,Combination Gas & Carbon Monoxide Detectors,7,,,3,1,FBA,42681.94,903,https://www.amazon.com/dp/B0DYDX78SM,https://m.media-amazon.com/images/I/61XvX-LhvkL._AC_UL320_.jpg,true,false,4,2026-01-28T11:57:56.351Z,
B0DB1TMWQL,"Quick Release UTV Fire Extinguisher Mount Kits, Adjustable Roll Bar Fire Extinguisher Holder Bracket Easy Install on 1.75""-2"" Roll Cage, Compatible with Polaris RZR/Can Am X3/Jeep Wrangler",21.99,4.7,428,China,Tools & Home Improvement,15425,Fire Extinguisher Mounts & Brackets,6,,,2,1,FBA,22437.3,940,https://www.amazon.com/dp/B0DB1TMWQL,https://m.media-amazon.com/images/I/71maikgz6ZL._AC_UL320_.jpg,true,false,4,2026-01-28T11:57:56.351Z,
B0CW3BSB2P,"16 Gallon Flammable Storage Cabinet, 23.5"" H x 18.11"" W x 18.11"" D Thickened Galvanized Steel Flammable Safety Cabinet, Fire Safety with Adjustable Shelf, for Industrial and Home Use",175,3.6,10,China,Industrial & Scientific,54494,Hazardous Storage Cabinets,11,,,9,1,MERCH,23643.92,73,https://www.amazon.com/dp/B0CW3BSB2P,https://m.media-amazon.com/images/I/61gcw0eWtzL._AC_UL320_.jpg,false,true,4,2026-01-28T11:57:56.351Z,
B09W2JT71Q,"RPNB Deluxe Biometric Fireproof Safe Box,Digital Fingerprint Fireproof Waterproof Safe with Touch Screen,Removable Shelf and 3 Spoke Handle,Home Safes for Cash Documents Jewelry,1.29 Cubic Feet",299.99,4.5,206,China,Tools & Home Improvement,66139,Cabinet Safes,129,,,3,1,FBA,55483.06,170,https://www.amazon.com/dp/B09W2JT71Q,https://m.media-amazon.com/images/I/71HeCN4vxlL._AC_UL320_.jpg,true,true,4,2026-01-28T11:57:56.352Z,
B0CV554YG8,"First Alert SM500V, Interconnect Battery-Operated Smoke Alarm with Voice Alerts, 1-Pack",43.95,4.3,110,Unknown,Tools & Home Improvement,14382,Smoke Detectors & Fire Alarms,36,,,4,16,FBA,44866.8,1033,https://www.amazon.com/dp/B0CV554YG8,https://m.media-amazon.com/images/I/61ZDezHXR7L._AC_UL320_.jpg,false,true,4,2026-01-28T11:57:56.352Z,
B01DXPVYN0,"First Alert PRC710 PC1210 10-Year Combination Carbon Monoxide and Photoelectric Smoke Detector, Frustration Free",54.99,4.4,112,Canada,Tools & Home Improvement,36429,Smoke & Carbon Monoxide Alarms,78,,,1,13,FBA,26010.55,490,https://www.amazon.com/dp/B01DXPVYN0,https://m.media-amazon.com/images/I/61EQFiYTBHL._AC_UL320_.jpg,false,false,5,2026-01-28T12:00:00.503Z,
B0DCG76QTD,Magnetic Smoke Detector Sticky Pads Magnetic Adhesive Pads 3PCS Magnetic Smoke Alarm Fixing Mount No Drilling Magnet Holder Installation Tool for Smoke Fire Alarms Detector,7.59,3.2,45,China,Tools & Home Improvement,33570,Smoke Detectors & Fire Alarms,58,,,1,1,FBA,2432.45,320,https://www.amazon.com/dp/B0DCG76QTD,https://m.media-amazon.com/images/I/6193KQZ8iIL._AC_UL320_.jpg,true,false,5,2026-01-28T12:00:00.503Z,
B0FRFD8PHK,"Photoelectric Smoke Detector Fire Alarm, Battery Operated, Smoke Alarm with Test Button & Low Battery Signal, LED Warning Light, 85-Decibel Alarm Sound, Easy Installation for Living Rooms and Bedrooms",38.99,5,31,Unknown,Tools & Home Improvement,11606,Smoke Detectors & Fire Alarms,31,,,4,1,FBA,37167.52,986,https://www.amazon.com/dp/B0FRFD8PHK,https://m.media-amazon.com/images/I/71U6vLyV+HL._AC_UL320_.jpg,true,false,5,2026-01-28T12:00:00.504Z,
B000P0DPGQ,"FIRST ALERT AUTO5 Car Fire Extinguisher, FESA5, UL RATED 5-B:C, Red, 1-Pack",29.1,4.7,8600,USA,Tools & Home Improvement,19487,Fire Extinguishers,36,,,3,39,AMZ,21946.43,876,https://www.amazon.com/dp/B000P0DPGQ,https://m.media-amazon.com/images/I/51W-1pyiTQL._AC_UL320_.jpg,false,false,5,2026-01-28T12:00:00.504Z,
B08XMBDZLC,"Fire Escape Ladder, 2 Story Emergency Portable Safety Ladder for Adults & Kids with Anti-Slip Rungs and Wide Steps V Center Suitable for Windows and Balcony|15-Foot",59.99,4.6,285,China,Tools & Home Improvement,23799,Fire Escape Ladders,5,,,3,4,FBA,24916.63,334,https://www.amazon.com/dp/B08XMBDZLC,https://m.media-amazon.com/images/I/61m4t-PJfHL._AC_UL320_.jpg,true,false,5,2026-01-28T12:00:00.504Z,
B0D9XCHJY6,"3-Pack Smart Smoke Detector,Wi-Fi Smoke Detector Fire Alarm with Smart Life App Notifications,10-Year Replaceable Battery,Mini Size for Home, RV",61.99,4.4,121,USA,Tools & Home Improvement,23298,Smoke Detectors & Fire Alarms,47,,,3,1,FBA,72121.95,1169,https://www.amazon.com/dp/B0D9XCHJY6,https://m.media-amazon.com/images/I/71cxBcGiWtL._AC_UL320_.jpg,false,false,5,2026-01-28T12:00:00.504Z,
B0DB1XX27K,"Adjustable Fire Extinguisher Mount, Easy Install on Roll Bar/ Cage Fire Extinguisher Holder, Quick Release Mounting Bracket for Jeep Wrangler JT TJ JKU JK JL UTV Cam-Am X3 Polaris RZR Ranger",14.99,4.6,361,China,Tools & Home Improvement,31287,Fire Extinguisher Mounts & Brackets,11,,,2,1,FBA,6891.09,402,https://www.amazon.com/dp/B0DB1XX27K,https://m.media-amazon.com/images/I/61DWUIW-itL._AC_UL320_.jpg,true,false,5,2026-01-28T12:00:00.505Z,
B0CVLD6XDY,"Strike First ABC Fire Extinguisher 5 lb | 3A:10BC Dry Chemical, Pressure Gauge, Wall Hook | UL Certified Safety for Home, Office, Workshop",75,4.9,45,USA,Tools & Home Improvement,30918,Fire Extinguishers,43,,,1,2,FBA,34473.14,452,https://www.amazon.com/dp/B0CVLD6XDY,https://m.media-amazon.com/images/I/51cr+Dl1wML._AC_UL320_.jpg,true,false,5,2026-01-28T12:00:00.505Z,
B098PJVMQ8,"Kidde Smoke & Carbon Monoxide Detector Combo, 10-Year Battery, Replacement Alert, 4 Count (Pack of 1)",199.95,4.4,4100,USA,Tools & Home Improvement,305,Smoke & Carbon Monoxide Alarms,5,,,6,2,FBA,112214.2,1348,https://www.amazon.com/dp/B098PJVMQ8,https://m.media-amazon.com/images/I/61eVgR8vBpL._AC_UL320_.jpg,false,false,5,2026-01-28T12:00:00.505Z,
B0CW9485BH,"Roll Bar Fire Extinguisher Holder, Adjustable Fire Extinguisher Mount Strap with American Flag Pattern, Car Accessories Fixed Belt for Wrangler JK JKU TJ CJ Gladiator (Black)",9.99,4.4,326,China,Tools & Home Improvement,28877,Fire Extinguisher Mounts & Brackets,15,,,4,1,FBA,5350.34,507,https://www.amazon.com/dp/B0CW9485BH,https://m.media-amazon.com/images/I/61rqVutmpQL._AC_UL320_.jpg,true,false,5,2026-01-28T12:00:00.505Z,
B081JL8V2J,Amerex B456 10 lbs ABC Dry Chemical Fire Extinguisher with Wall Bracket,100,4.6,1200,USA,Tools & Home Improvement,15529,Fire Extinguishers,29,,,4,9,MERCH,104655,993,https://www.amazon.com/dp/B081JL8V2J,https://m.media-amazon.com/images/I/71EAm0iHhFL._AC_UL320_.jpg,false,false,5,2026-01-28T12:00:00.506Z,
B0DZ9R7Q51,"Lithium-Ion Fire Extinguishing Gel 1-Pack - Battery Fire Suppression Gel for Electronics, Stops Thermal Runaway, Non-Toxic, Eco-Friendly, 14oz Canister, Made in USA",39.99,4.4,84,USA,Tools & Home Improvement,24999,Fire Extinguishers,39,,,3,1,FBA,33661.14,520,https://www.amazon.com/dp/B0DZ9R7Q51,https://m.media-amazon.com/images/I/51KEiNaSdoL._AC_UL320_.jpg,true,false,5,2026-01-28T12:00:00.506Z,
B0DQTNWGJL,Carbon Monoxide Detector Plug in Wall CO Monitor Alarm Detectors with Digital Display Sound and Light Warning for Home Workplace and Travel Safety Precautions Essential,17.99,4.7,92,China,Tools & Home Improvement,35095,Carbon Monoxide Detectors,115,,,1,1,FBA,4000.88,228,https://www.amazon.com/dp/B0DQTNWGJL,https://m.media-amazon.com/images/I/61ZiaPSPhCL._AC_UL320_.jpg,true,false,5,2026-01-28T12:00:00.507Z,
B0FX4V95MB,"2 Pack Wireless Smoke Detectors for Home,Photoelectric Wireless Fire Alarms Battery Powered Design (not Included),Portable Operated for Travel,Attic Fire Alarm Universal RV Smoke Detector",22.99,4.8,10,China,Tools & Home Improvement,17412,Smoke Detectors & Fire Alarms,41,,,3,1,FBA,21727.3,654,https://www.amazon.com/dp/B0FX4V95MB,https://m.media-amazon.com/images/I/61ftxNMYJiL._AC_UL320_.jpg,true,false,5,2026-01-28T12:00:00.507Z,
B0FK2BG3MD,"Smoke and Carbon Monoxide and Heat Detector 3-in-1 CO/Smoke/Temp Alarm 10-Year Battery, 85dB Voice Alert, Explosion-Proof ABS, Easy Installation Home Safety Device (Includes AA Batteries)",22.94,4.3,42,China,Tools & Home Improvement,42263,Smoke & Carbon Monoxide Alarms,87,,,1,1,FBA,4946.74,212,https://www.amazon.com/dp/B0FK2BG3MD,https://m.media-amazon.com/images/I/61-tdsCgOTL._AC_UL320_.jpg,true,false,5,2026-01-28T12:00:00.507Z,
B0FKGNFT6D,"Heiman Smoke Detector, Photoelectric Fire Alarm, 10-Year Battery Powered Smoke Alarms for Home, UL 217 10th Ed. Certified, Portable Small Compact, Test Silence Button & Low Battery Warning, RV, Travel",23.98,4.7,26,China,Tools & Home Improvement,35355,Smoke Detectors & Fire Alarms,60,,,2,1,FBA,5548.91,185,https://www.amazon.com/dp/B0FKGNFT6D,https://m.media-amazon.com/images/I/61e5-fj2cTL._AC_UL320_.jpg,true,false,5,2026-01-28T12:00:00.508Z,
B0CSBLH4XC,"Heavy-Duty Emergency Fire Blanket, 2 Pack – Fireproof Fiberglass Blanket for Kitchen, Home, Car, Grill, Fireplace, Camping, Heat Shield, Grease Fires, Emergency Fire Suppression",9.99,4.8,327,China,Tools & Home Improvement,44021,Fire Extinguishers,56,,,3,1,FBA,5120.8,451,https://www.amazon.com/dp/B0CSBLH4XC,https://m.media-amazon.com/images/I/81ZT9kawW3L._AC_UL320_.jpg,false,false,5,2026-01-28T12:00:00.508Z,
B007885Y3K,"Safety Technology International, Inc. STI-13010FR Universal Stopper®, Flush Mount and Fire label, Indoor/Outdoor Protective Polycarbonate Cover for Pull Stations or Call Points, Red",38.86,4.6,321,Unknown,Tools & Home Improvement,51105,Smoke Detectors & Fire Alarms,74,,,1,17,FBA,11623.94,299,https://www.amazon.com/dp/B007885Y3K,https://m.media-amazon.com/images/I/71ACtI1EiHL._AC_UL320_.jpg,true,false,5,2026-01-28T12:00:00.508Z,
B0FCG15ZCY,"Small Fire Extinguisher for Home & Car – (2-Pack, 1.32lb Each) Portable Dry Chemical Fire Extinguishing Spray | For Kitchen Grease, Electrical, Vehicle & Garage Fires, Easy to Use",29.99,4.7,30,China,Tools & Home Improvement,30474,Fire Extinguishers,41,,,3,1,FBA,10582.4,315,https://www.amazon.com/dp/B0FCG15ZCY,https://m.media-amazon.com/images/I/717RiQc68FL._AC_UL320_.jpg,true,false,5,2026-01-28T12:00:00.509Z,
B0FB8NYT9S,"eufy Smoke Alarm E10, Accurate Fire Alerts, Ultra-Compact 70 mm Design,Extended 5-Year Battery Life, Long Communication Range, Requires HomeBase 2, 3, Mini, or Pro",39.99,4,12,USA,Tools & Home Improvement,42862,Smoke Detectors & Fire Alarms,66,,,1,1,FBA,11866.86,242,https://www.amazon.com/dp/B0FB8NYT9S,https://m.media-amazon.com/images/I/414DtUXNmAL._AC_UL320_.jpg,true,false,5,2026-01-28T12:00:00.509Z,
B0F8BD1812,"5-in-1 Carbon Monoxide Detectors &Smoke &Natural Gas Leak Detector, Portable Carbon Monoxide Detectors Plug in & Battery Backup - Hotel and Travel Safety, RV, Home",31.99,3.5,128,China,Tools & Home Improvement,26874,Combination Gas & Carbon Monoxide Detectors,15,,,3,1,FBA,6506.2,152,https://www.amazon.com/dp/B0F8BD1812,https://m.media-amazon.com/images/I/61VXYovtPUL._AC_UL320_.jpg,true,false,5,2026-01-28T12:00:00.509Z,
B0CLLWWJ55,"40 PCS Dxmimer Smoke Detector Cover Fire Alarm Cover, Thickened Elastic Plastic Reusable Smoke Alarm Dust Paint Cover for Home Cooking or Baking (White)",6.15,4.6,93,China,Tools & Home Improvement,38438,Smoke Detectors & Fire Alarms,62,,,4,4,FBA,2156.2,355,https://www.amazon.com/dp/B0CLLWWJ55,https://m.media-amazon.com/images/I/71-SV0kqftL._AC_UL320_.jpg,true,false,5,2026-01-28T12:00:00.510Z,
B0DWMF2XBT,"Fire Extinguishers for Home with Mount, 1 Pack Upgraded 8-in-1 Portable Fire Extinguisher For Vehicle Car Boat Marine Kitchen Emergency Supplies, Water-Based Extinguisher For A, B, C, K Fire Types",12.99,4.6,228,China,Tools & Home Improvement,19230,Fire Extinguishers,35,,,4,1,FBA,24760.6,682,https://www.amazon.com/dp/B0DWMF2XBT,https://m.media-amazon.com/images/I/71i4YH6KSCL._AC_UL320_.jpg,true,false,5,2026-01-28T12:00:00.511Z,
B0FSX8XVWP,5 Pack Combination Photoelectric Smoke and Carbon Monoxide Alarm Detector with LCD Display, Battery-Operated Smoke Carbon Monoxide Alarm,72.99,,,China,Tools & Home Improvement,9565,Smoke & Carbon Monoxide Alarms,45,,,7,2,FBA,6713.97,174,https://www.amazon.com/dp/B0FSX8XVWP,https://m.media-amazon.com/images/I/71ED5OzpuPL._AC_UL320_.jpg,true,false,5,2026-01-28T12:00:00.511Z
B0FW4PP3PD,"Hazardous Storage Cabinets, Flammable Cabinet, Cold-Rolled Steel Flammable Liquid Storage Cabinet Auto Closing Door for Industrial Use, Flammable Safety Cabinet, Cold-Rolled Steel Fire Resistant",189.99,,,USA,Industrial & Scientific,442238,Hazardous Storage Cabinets,159,,,4,1,N/A,N/A,N/A,https://www.amazon.com/dp/B0FW4PP3PD,https://m.media-amazon.com/images/I/61kNNEN7INL._AC_UL320_.jpg,false,true,5,2026-01-28T12:00:00.511Z,
B0CSKF7P7F,"Safe Box with Fireproof Waterproof Bag, Home Safe with Keys & Pass Code & Wall Mount Kits, Money Safe with Smart Alert System for Money, Jewelry, and Documents, 5.0 Cu ft",149.99,4.4,771,China,Tools & Home Improvement,9020,Cabinet Safes,16,,,5,1,FBA,58702.47,811,https://www.amazon.com/dp/B0CSKF7P7F,https://m.media-amazon.com/images/I/71y5NuO8pzL._AC_UL320_.jpg,true,true,5,2026-01-28T12:00:00.512Z,
B07PDFTBY7,"Leadseals(R) 1000 Plastic Tamper Seals, Zip Ties for Fire Extinguishers Pull Tite Security Tags Numbered Disposable Self-Locking Tie 250mm Length (Red)",88.5,4.7,1000,China,Industrial & Scientific,3681,Shipping Seals,1,,,11,2,FBA,25524.42,1118,https://www.amazon.com/dp/B07PDFTBY7,https://m.media-amazon.com/images/I/51n9pFKVfiL._AC_UL320_.jpg,true,true,5,2026-01-28T12:00:00.512Z,
B0D4M84NJY,"ABC Fire Extinguisher for Home & Vehicle - Compact Fire Extinguisher | Grease & Electrical Fire Extinguisher for Kitchen, Car, Office, Easy to use(6-Pack, 1.32lb Each)",69.39,4.8,200,China,Tools & Home Improvement,17609,Fire Extinguishers,34,,,5,1,FBA,40134.92,952,https://www.amazon.com/dp/B0D4M84NJY,https://m.media-amazon.com/images/I/81C3494uHEL._AC_UL320_.jpg,true,false,6,2026-01-28T12:07:23.058Z,
B0F3PWBG9Q,"Smoke Alarm with LED Indicator with Mute Button, Fire Alarm Smoke Detector with Built-in 10 Year Battery, Model VS02",19.98,4.5,89,China,Tools & Home Improvement,29072,Smoke Detectors & Fire Alarms,54,,,2,1,FBA,28933.15,1014,https://www.amazon.com/dp/B0F3PWBG9Q,https://m.media-amazon.com/images/I/51yWu3fAzCL._AC_UL320_.jpg,true,false,6,2026-01-28T12:07:23.059Z,
B009WUG3T6,"Buckeye 10914 ABC Multipurpose Dry Chemical Hand Held Fire Extinguisher with Aluminum Valve and Wall Hook, 5 lbs Agent Capacity, 3-3/8"" Diameter x 7-1/4"" Width x 16-3/8"" Height",57.66,4.6,351,USA,Tools & Home Improvement,36554,Fire Extinguishers,47,,,2,8,MERCH,33943.7,325,https://www.amazon.com/dp/B009WUG3T6,https://m.media-amazon.com/images/I/71HXZPXOSrL._AC_UL320_.jpg,true,false,6,2026-01-28T12:07:23.059Z,
B0147RZ93E,"Qolsys QS5110-840 IQ Wireless Smoke and Heat Detector, 319.5 MHz",84.99,4.3,174,USA,Tools & Home Improvement,44504,Smoke Detectors & Fire Alarms,67,,,1,8,FBA,18143.47,217,https://www.amazon.com/dp/B0147RZ93E,https://m.media-amazon.com/images/I/61fufkbfRaL._AC_UL320_.jpg,true,false,6,2026-01-28T12:07:23.059Z,
B0CLVR32VB,"First Alert Interconnect Hardwire Smoke Alarm with Battery Backup & Voice Alerts, 3-Pack",85.9,4.4,213,USA,Tools & Home Improvement,12710,Smoke Detectors & Fire Alarms,34,,,5,15,FBA,86451.74,826,https://www.amazon.com/dp/B0CLVR32VB,https://m.media-amazon.com/images/I/71HCMMRP8yL._AC_UL320_.jpg,true,false,6,2026-01-28T12:07:23.059Z,
B0D8HR31L5,"HALT! 10oz Fire Safety Spray – Non-Toxic, PFAS-Free Handheld Fire Suppressor – Easy to Use, Store & Find – Compact & Portable for Home, Kitchen, Car, BBQ, Camping & Tailgate – Made in USA (2pk)",39.99,4.6,262,USA,Tools & Home Improvement,38036,Fire Extinguishers,49,,,4,1,FBA,14151.92,318,https://www.amazon.com/dp/B0D8HR31L5,https://m.media-amazon.com/images/I/61Kwe228bmL._AC_UL320_.jpg,true,false,6,2026-01-28T12:07:23.060Z,
B0G6M1V663,"2 Pack of Chimfex By Orion Safety Products - CSIA LAB TESTED AND Approved Chimney Fire Suppressant - Safe, Quick and Easy - Stops Chimney Fires In Homes in Under 22 Secs - MADE IN USA",53.98,5,3,USA,Tools & Home Improvement,47713,Fire Extinguishers,59,,,1,2,MERCH,12001.49,224,https://www.amazon.com/dp/B0G6M1V663,https://m.media-amazon.com/images/I/61X1cO8t6NL._AC_UL320_.jpg,false,false,6,2026-01-28T12:07:23.060Z,
B0D9GK62X6,"1 Pack Smoke and Carbon Monoxide Detector with LCD Display, 85dB Alarm, Test Button, LED Indicators, Battery-Operated Fire Alarm Smoke Detector for Home, Kitchen, Bedroom, Office",23.35,4.6,215,China,Tools & Home Improvement,9178,Smoke & Carbon Monoxide Alarms,43,,,3,2,FBA,73081.74,1373,https://www.amazon.com/dp/B0D9GK62X6,https://m.media-amazon.com/images/I/61bm8LfxrpL._AC_UL320_.jpg,true,false,6,2026-01-28T12:07:23.060Z,
B0BYZG3WL8,"Tessco 12 Pieces Smoke Detector Fire Alarm Dust Paint Cover Thicken Elastic Stretch Plastic Smoke Detector Fire Alarm Cover During Cooking or Baking, Orange",8.99,4.4,224,China,Tools & Home Improvement,25080,Smoke Detectors & Fire Alarms,49,,,5,1,FBA,4249.89,438,https://www.amazon.com/dp/B0BYZG3WL8,https://m.media-amazon.com/images/I/81WGgi7nKrL._AC_UL320_.jpg,true,false,6,2026-01-28T12:07:23.061Z,
B006YS2PBO,Amerex C260 6 Liter Class K Wet Chemical Fire Extinguisher with Stainless Steel Valve & Wall Hanger for Kitchen Use,266.55,4.7,381,USA,Tools & Home Improvement,58299,Fire Extinguishers,65,,,1,4,MERCH,58475.46,229,https://www.amazon.com/dp/B006YS2PBO,https://m.media-amazon.com/images/I/81KURB6DrgL._AC_UL320_.jpg,true,false,6,2026-01-28T12:07:23.061Z,
B0CV4QGQXM,First Alert 1046846 RV Approved Battery-Operated Smoke Alarm,26.51,4.6,38,Unknown,Tools & Home Improvement,51845,,,,,,23,,4899.83,198,https://www.amazon.com/dp/B0CV4QGQXM,https://m.media-amazon.com/images/I/51hpjzjEGdL._AC_UL320_.jpg,false,false,6,2026-01-28T12:07:23.061Z,
B07JNN6DQK,"Adjustable Roll Bar Fire Extinguisher Mount Holder 3 lb for Jeep Wrangler Unlimited CJ YJ LJ TJ JK JKU JL JLU 4XE,(Black, Without Pattern)",12.89,4.5,4000,Unknown,Tools & Home Improvement,33426,,,,,,1,,4626.97,351,https://www.amazon.com/dp/B07JNN6DQK,https://m.media-amazon.com/images/I/71ZLB7T7BiL._AC_UL320_.jpg,true,false,6,2026-01-28T12:07:23.062Z,
B0CV56MX99,First Alert 10 Year Back Up Hard-Wired w/Battery Back-Up Ionization Smoke and Carbon Monoxide Detect,68.9,4.2,40,Unknown,Tools & Home Improvement,55406,,,,,,19,,13191.73,193,https://www.amazon.com/dp/B0CV56MX99,https://m.media-amazon.com/images/I/61aXPu0ak5L._AC_UL320_.jpg,false,false,6,2026-01-28T12:07:23.062Z,
B0FHKW23YR,"Battery Operated Smoke Detector – Easy Top Battery Access, Loud 80dB Alert, Test & Silence Button, Home Safety Device for Bedroom, Hallway, Uses 2 AAA Batteries (No WiFi, No App)",9.99,3.6,77,Unknown,Tools & Home Improvement,46961,,,,,,1,,3365.14,150,https://www.amazon.com/dp/B0FHKW23YR,https://m.media-amazon.com/images/I/51NKMQOTWIL._AC_UL320_.jpg,true,false,6,2026-01-28T12:07:23.062Z,
B0DZBL2FW7,"10-Year Battery Smoke Detector for Home | 85dB Fire Alarm, Military-Grade Photoelectric Sensor Reduces 70% False Alarms | CE/UL Globally Certified | Easy Install (Adhesive/Screws) (1)",14.99,4.6,131,Unknown,Tools & Home Improvement,63304,,,,,,3,,16484.61,577,https://www.amazon.com/dp/B0DZBL2FW7,https://m.media-amazon.com/images/I/51PQnh04gxL._AC_UL320_.jpg,false,false,6,2026-01-28T12:07:23.063Z,
B0DWK8KQ2Q,"Fire Extinguisher for Home, Car, Kitchen, Vehicle, Boat, Garage, Portable A, B, C, K Class Fire Extinguishers with Mount, Emergency Survival Extinguisher, Easy Access, Versatile Fire Protection",12.99,4.6,124,China,Tools & Home Improvement,16593,Fire Extinguishers,30,,,4,1,FBA,23161.07,695,https://www.amazon.com/dp/B0DWK8KQ2Q,https://m.media-amazon.com/images/I/71i4YH6KSCL._AC_UL320_.jpg,true,false,6,2026-01-28T12:07:23.063Z,
B0DRTX5S5T,"Fire Extinguisher Mount for Vehicle - Quick Release Fire Extinguisher Bracket Holder Compatible with Jeep Wrangler JT, TJ, JL, JKU, UTV, Polaris RZR, Ranger, Can-Am X3, Yamaha, ATV, Tractor",14.27,4.6,106,China,Tools & Home Improvement,35833,Fire Extinguisher Mounts & Brackets,14,,,2,1,FBA,5313.23,264,https://www.amazon.com/dp/B0DRTX5S5T,https://m.media-amazon.com/images/I/61Db8W5+g7L._AC_UL320_.jpg,true,false,6,2026-01-28T12:07:23.064Z,
B0F6ZLQW52,"First Alert SM110LED-AC, Hardwire Smoke Alarm with LED Strobe & 10-Year Battery Backup, 1-Pack",109,4.6,26,Unknown,Tools & Home Improvement,64685,Smoke Detectors & Fire Alarms,83,,,2,9,FBA,14609.19,140,https://www.amazon.com/dp/B0F6ZLQW52,https://m.media-amazon.com/images/I/71uKKhny07L._AC_UL320_.jpg,true,false,6,2026-01-28T12:07:23.064Z,
B0DJ3F75G4,"Gender Reveal Fire Extinguisher – 100% Biodegradable Baby Boy Reveal Party Decorations, Ideal for Exciting Gender Reveal Blue Smoke(1 PCS)",8.99,4.5,114,China,Tools & Home Improvement,40928,Fire Extinguishers,52,,,7,1,FBA,5051.65,453,https://www.amazon.com/dp/B0DJ3F75G4,https://m.media-amazon.com/images/I/71uDcVpupgL._AC_UL320_.jpg,true,false,6,2026-01-28T12:07:23.064Z,
B0F93PH7PN,Molle Panel Fire Extinguisher Mount - Tactical Car Quick Release Fire Extinguisher Bracket Accessories Mounting Bracket Kits Fits 1-2 in Slots Holes for Trucks Vehicles Gear Molle Accessories,23.99,4.7,35,China,Tools & Home Improvement,52672,Fire Extinguisher Mounts & Brackets,24,,,1,2,FBA,5090.16,212,https://www.amazon.com/dp/B0F93PH7PN,https://m.media-amazon.com/images/I/615bZ84-EVL._AC_UL320_.jpg,true,false,6,2026-01-28T12:07:23.065Z,
B0DQGFQM8W,"Smoke Detector Tester Pole - Smoke Detector and Emergency Exit Light Extendable Pole Tester - Emergency Light Testing Pole - Ensuring Safe and Efficient Testing of Life Safety Products,1 Pack",16.99,4.3,62,China,Tools & Home Improvement,61262,Smoke Detectors & Fire Alarms,82,,,3,1,FBA,5204.27,257,https://www.amazon.com/dp/B0DQGFQM8W,https://m.media-amazon.com/images/I/51Q3rbpO1fL._AC_UL320_.jpg,true,false,6,2026-01-28T12:07:23.065Z,
B07DJQRHNL,"Red Tamper Seals, and Fire Extinguisher Pull PIns 10 QT each",6.38,4.4,186,China,Tools & Home Improvement,66447,Fire Extinguishers,68,,,1,4,FBA,1135.79,184,https://www.amazon.com/dp/B07DJQRHNL,https://m.media-amazon.com/images/I/61nTrGvA1uL._AC_UL320_.jpg,true,false,6,2026-01-28T12:07:23.065Z,
B08WRR6LJ4,5lb ABC Dry Chemical Fire Extinguisher with Heavy Duty Vehicle Bracket,,4.7,78,Unknown,Tools & Home Improvement,65657,Fire Extinguisher Mounts & Brackets,31,,,2,1,MERCH,16804.91,156,https://www.amazon.com/dp/B08WRR6LJ4,https://m.media-amazon.com/images/I/41DY7p6pcrL._AC_UL320_.jpg,false,false,6,2026-01-28T12:07:23.066Z,
B07XYQVSDR,1050 PCS Red Numbered Security Zip Ties for Fire Extinguisher Plastic Tamper Evident Seal Tags Pull Tite Self-Locking Disposable Safety Locks,85.5,5,1,China,Industrial & Scientific,471700,Shipping Seals,337,,,1,2,FBA,99.63,1,https://www.amazon.com/dp/B07XYQVSDR,https://m.media-amazon.com/images/I/51qgHjLkxqL._AC_UL320_.jpg,true,true,6,2026-01-28T12:07:23.066Z,
B0FMXZRGBY,1000 Pack Plastic Tamper Seals Fire Extinguisher Tags Security Tags Seals Safety Numbered Zip Ties Labels Safety Disposable Self Locking Signage 9.84 inch Length,72.99,5,2,China,Industrial & Scientific,94662,Shipping Seals,70,,,18,1,N/A,70.32,1,https://www.amazon.com/dp/B0FMXZRGBY,https://m.media-amazon.com/images/I/713pBe+LopL._AC_UL320_.jpg,true,true,6,2026-01-28T12:07:23.067Z,
B08JQN25FR,"WWDOLL KN95 Face Masks 50 Pack, 5-Layer Breathable Disposable Respirator Mask for Adult Black",12.28,4.5,26300,Unknown,Tools & Home Improvement,2609,Disposable Respirator Safety Masks,19,,,9,1,FBA,68389.01,3833,https://www.amazon.com/dp/B08JQN25FR,https://m.media-amazon.com/images/I/71p82xmgl3L._AC_UL320_.jpg,true,true,6,2026-01-28T12:07:23.067Z,
B0FRMSJH9M,"Nuleto 4-in-1 Carbon Monoxide Detectors & Combustible Gas Detector,Carbon Monoxide Detectors Plug in,Natural Gas Leak Detector with Temperature,Humidity to Ensure Home,Hotel,RV Safety,1 Pack,Black",19.99,4,24,China,Tools & Home Improvement,47675,Carbon Monoxide Detectors,137,,,4,1,FBA,5402.23,243,https://www.amazon.com/dp/B0FRMSJH9M,https://m.media-amazon.com/images/I/71z+HFAknbL._AC_UL320_.jpg,true,false,7,2026-01-28T12:10:41.647Z,
B0FK9RF8VC,"2Pack Fire Extinguisher for Home - 4 in 1 Portable A, B, C, K Fire Extinguishers with Mounting Bracket, 620ml Mini Water-Based Flame Extinguisher for Vechile, Boat, Kitchen, RV, Truck & Office",23.39,4.5,25,China,Tools & Home Improvement,43190,Fire Extinguishers,55,,,3,1,FBA,4338.14,166,https://www.amazon.com/dp/B0FK9RF8VC,https://m.media-amazon.com/images/I/71U5KCClOYL._AC_UL320_.jpg,true,false,7,2026-01-28T12:10:41.648Z,
B0FLDGVKWN,"2 Pack ABC Dry Chemical Fire Extinguishers, Portable Dry Powder Fast-Acting Fire Extinguisher with Mount, Suitable for Home, Car, Boat, Truck, Electrical, Grease Fires",25.99,4.7,67,China,Tools & Home Improvement,39494,Fire Extinguishers,50,,,4,1,FBA,7935.26,306,https://www.amazon.com/dp/B0FLDGVKWN,https://m.media-amazon.com/images/I/71uOmz42EML._AC_UL320_.jpg,false,false,7,2026-01-28T12:10:41.648Z,
B00006IDKV,"FIRST ALERT KITCHEN5 Fire Extinguisher, KFE2S5, UL RATED 5-B:C, White, 1-Pack",22.99,4.7,5700,Unknown,Tools & Home Improvement,48476,Fire Extinguishers,60,,,3,37,AMZ,3903.98,157,https://www.amazon.com/dp/B00006IDKV,https://m.media-amazon.com/images/I/41reY5N+jfL._AC_UL320_.jpg,true,false,7,2026-01-28T12:10:41.648Z,
B0FCS9JY6J,"2 Pack ABC Dry Chemical Fire Extinguishers, 2.5 lb 1A:10B:C Rating for Home, Car, Boat, Quick Release Handle, Compact & Portable Dry Powder Extinguisher",56.99,4.5,56,China,Tools & Home Improvement,35371,Fire Extinguishers,45,,,3,1,FBA,25260.23,352,https://www.amazon.com/dp/B0FCS9JY6J,https://m.media-amazon.com/images/I/71ZwmgTAKLL._AC_UL320_.jpg,true,false,7,2026-01-28T12:10:41.649Z,
B0FH4RMFN4,"Fire Extinguisher for Home - 6pack Car Fire Extinguisher with Wall Mount, Small A B C K Fire Extinguisher, Water-Based Fire Extinguishers for Car/House/Kitchen/Truck/Marine/Boat/Vehicle/utv/rv",56.99,4.2,314,China,Tools & Home Improvement,29340,Fire Extinguishers,40,,,6,2,FBA,15869.09,459,https://www.amazon.com/dp/B0FH4RMFN4,https://m.media-amazon.com/images/I/81-ss0j+vnL._AC_UL320_.jpg,true,false,7,2026-01-28T12:10:41.649Z,
B00F5CK9X6,"Amerex B402, 5 lb. ABC Dry Chemical Fire Extinguisher, with Wall Bracket",75,4.7,3000,USA,Tools & Home Improvement,76470,Fire Extinguishers,76,,,1,12,MERCH,13965.78,186,https://www.amazon.com/dp/B00F5CK9X6,https://m.media-amazon.com/images/I/51YCicS2GhL._AC_UL320_.jpg,false,false,7,2026-01-28T12:10:41.649Z,
B00CMUN4RM,"Amerex B402T, 5lb ABC Dry Chemical Class A B C Fire Extinguisher, with Vehicle Bracket",80,4.6,320,USA,Tools & Home Improvement,76088,Fire Extinguishers,75,,,1,9,FBA,13321.31,168,https://www.amazon.com/dp/B00CMUN4RM,https://m.media-amazon.com/images/I/81s006hufnL._AC_UL320_.jpg,true,false,7,2026-01-28T12:10:41.649Z,
B0DXSV4HG5,"WPW 620ml Large Upgraded 8-in-1 Fire Extinguisher for Home with Wall Mount Portable Fire Extinguisher For Vehicle Car Boat Kitchen Emergency Supplies, Water-Based Solution For A, B, C, K Fire (2 Pack)",26.99,4.6,368,China,Tools & Home Improvement,53608,Fire Extinguishers,61,,,3,2,FBA,18843.61,713,https://www.amazon.com/dp/B0DXSV4HG5,https://m.media-amazon.com/images/I/712Dw5S-hWL._AC_UL320_.jpg,false,false,7,2026-01-28T12:10:41.650Z,
B0CDLJLPX2,"3 Pack Combination Smoke and Carbon Monoxide Detector Alarm, HATHEPHS 10-Year Battery Dual Sensor Fire & CO Alarm with Large Test/Silence Button, Adhesive & Screws Included",69.99,4.4,529,China,Tools & Home Improvement,14112,Smoke & Carbon Monoxide Alarms,50,,,5,1,FBA,57673.51,779,https://www.amazon.com/dp/B0CDLJLPX2,https://m.media-amazon.com/images/I/71HNqAI1rhL._AC_UL320_.jpg,true,false,7,2026-01-28T12:10:41.650Z,
B0FQJ5ZJS3,"Smoke Detector, Battery-Powered Fire Alarm with LED Indicator, Portable Smoke Alarm for Home Kitchen Bedroom Safety, 4 Packs",29.99,5,1,China,Tools & Home Improvement,58013,Smoke Detectors & Fire Alarms,81,,,7,1,FBA,2255.76,75,https://www.amazon.com/dp/B0FQJ5ZJS3,https://m.media-amazon.com/images/I/61PunXapWmL._AC_UL320_.jpg,false,false,7,2026-01-28T12:10:41.650Z,
B0DPMM2Q6V,25 Sets Metal Inspection Tags Safety Inspection Tags Fire Extinguisher Inspection Sticker 2.2X3inch Fire Extinguisher Inspection Record Tag 2025-2028 with Handheld Hole Puncher for Indoor Outdoor (25),14.99,4.9,24,China,Tools & Home Improvement,81887,Fire Extinguishers,80,,,2,1,FBA,2732.55,161,https://www.amazon.com/dp/B0DPMM2Q6V,https://m.media-amazon.com/images/I/81VjownL+7L._AC_UL320_.jpg,true,false,7,2026-01-28T12:10:41.651Z,
B001U0PFIQ,"Kidde Fire Extinguisher Mount, Metal Strap Bracket, Heavy Duty, Compatible 5-Pound Fire Extinguishers, Black",11.99,4,339,Unknown,Tools & Home Improvement,74538,Fire Extinguisher Mounts & Brackets,33,,,2,7,AMZ,1689.49,139,https://www.amazon.com/dp/B001U0PFIQ,https://m.media-amazon.com/images/I/51umGDpKEBL._AC_UL320_.jpg,true,false,7,2026-01-28T12:10:41.651Z,
B0CLVR6YJK,"First Alert Interconnect Hardwire Dual Sensor Smoke Alarm with Battery Backup, SM300-AC, 3-Pack",102.65,4.4,110,Unknown,Tools & Home Improvement,23511,Smoke Detectors & Fire Alarms,48,,,3,4,FBA,72597.32,761,https://www.amazon.com/dp/B0CLVR6YJK,https://m.media-amazon.com/images/I/711-dZiiVrL._AC_UL320_.jpg,true,false,7,2026-01-28T12:10:41.651Z,
B0F24ZHMC9,"LIFEGUARD Aerosol Fire Extinguisher Spray - Non-Toxic, Eco-Friendly Fire Suppressant for Home, Kitchen, Car & Office, Compact, Easy-to-Use Design with 10-Year Shelf Life (Pack of 1)",14.99,4.5,36,USA,Tools & Home Improvement,36138,Fire Extinguishers,46,,,3,1,FBA,3406.24,164,https://www.amazon.com/dp/B0F24ZHMC9,https://m.media-amazon.com/images/I/41uD-C52usL._AC_UL320_.jpg,true,false,7,2026-01-28T12:10:41.652Z,
B0DLKP9JH6,"Smoke Alarm 2 Pack,Smoke Detector for Home with Test Button & Silence Button,Fire Alarm with LED Indicator,Ionization Smoke Alarm Battery Operated",15.99,4,54,China,Tools & Home Improvement,82599,Smoke Detectors & Fire Alarms,97,,,1,1,FBA,3677.94,230,https://www.amazon.com/dp/B0DLKP9JH6,https://m.media-amazon.com/images/I/61ysg8EkvTL._AC_UL320_.jpg,true,false,7,2026-01-28T12:10:41.652Z,
B009WUH2XW,"Buckeye 50000 Stainless Steel Water Pressurized Hand Held Fire Extinguisher with Wall Hook, 2.5 Gallon Agent Capacity, 7"" Diameter x 9"" Width x 24-1/2"" Height",158.95,4.6,221,USA,Tools & Home Improvement,72195,Fire Extinguishers,72,,,3,8,FBA,21987.29,137,https://www.amazon.com/dp/B009WUH2XW,https://m.media-amazon.com/images/I/51cxD6pg-yL._AC_UL320_.jpg,false,false,7,2026-01-28T12:10:41.652Z,
B0CCJ3QZSR,Reveal Fire Extinguisher Set -Gender Reveal Color Smoke Powder Spray - 100% Biodegradable Party Supplies- For Memorable Baby Gender Reveal Decorations & Ideas(Pink),16.99,4.6,691,USA,Tools & Home Improvement,37286,Fire Extinguishers,48,,,4,2,FBA,5688.73,326,https://www.amazon.com/dp/B0CCJ3QZSR,https://m.media-amazon.com/images/I/713fjkSJETL._AC_UL320_.jpg,true,false,7,2026-01-28T12:10:41.653Z,
B009WUG2RO,"Buckeye 13315 ABC Multipurpose Dry Chemical Hand Held Fire Extinguisher with Aluminum Valve and Vehicle Bracket, 2.5 lbs Agent Capacity",44.97,4.6,397,USA,Tools & Home Improvement,76476,Fire Extinguishers,77,,,1,15,FBA,6397.8,138,https://www.amazon.com/dp/B009WUG2RO,https://m.media-amazon.com/images/I/611tZKmPRXL._AC_UL320_.jpg,true,false,7,2026-01-28T12:10:41.653Z,
B0F6ZMRB4K,"First Alert SM300-AC, Interconnect Hardwire Dual Sensor Smoke Alarm with Battery Backup, 1-Pack",40.48,4.1,17,Unknown,Tools & Home Improvement,79949,Smoke Detectors & Fire Alarms,97,,,1,3,FBA,3877.84,96,https://www.amazon.com/dp/B0F6ZMRB4K,https://m.media-amazon.com/images/I/71uIDam7eDL._AC_UL320_.jpg,true,false,7,2026-01-28T12:10:41.653Z,
B01HDYA9BK,"Amerex B240 Stored Pressure Water Fire Extinguisher, 2.5 Gallon for Class A Fires",160.99,4.7,175,USA,Tools & Home Improvement,74331,Fire Extinguishers,74,,,1,8,MERCH,21781.82,127,https://www.amazon.com/dp/B01HDYA9BK,https://m.media-amazon.com/images/I/51+IIGZGfVL._AC_UL320_.jpg,false,false,7,2026-01-28T12:10:41.654Z,
B09PQSJ3FP,4098-9714 Detector,30,4.5,58,USA,Tools & Home Improvement,53174,Smoke Detectors & Fire Alarms,78,,,1,9,FBA,4345.29,161,https://www.amazon.com/dp/B09PQSJ3FP,https://m.media-amazon.com/images/I/416Sh6roLpL._AC_UL320_.jpg,true,false,7,2026-01-28T12:10:41.654Z,
B0FPVTRVS3,"2 Pack ABC Dry Chemical Fire Extinguishers, 2.5 lb 1A:10B:C Rating for Home, Vehicle, Boat, Quick Release Handle, Compact & Portable Dry Powder Extinguisher",56.99,4.5,21,China,Tools & Home Improvement,55322,Fire Extinguishers,62,,,3,1,FBA,21470.44,325,https://www.amazon.com/dp/B0FPVTRVS3,https://m.media-amazon.com/images/I/71h47OX+R0L._AC_UL320_.jpg,true,false,7,2026-01-28T12:10:41.655Z,
B0FNKFQDHL,"Smoke and Carbon Monoxide Detector with Digital Display, 10-Year Lifespan with Replaceable Lithium Battery, Photoelectric Fire Alarm and Electrochemical CO Alarm with Test/Silence Button, 2 Pack",51.99,4.9,19,China,Tools & Home Improvement,76747,Smoke & Carbon Monoxide Alarms,107,,,6,1,FBA,8082.79,155,https://www.amazon.com/dp/B0FNKFQDHL,https://m.media-amazon.com/images/I/61Mgm72FDVL._AC_UL320_.jpg,true,false,7,2026-01-28T12:10:41.655Z,
B0C1TMLRZ1,Amerex C262 Class K Fire Extinguisher for Kitchen Use,271.99,5,5,USA,Tools & Home Improvement,239795,Fire Extinguishers,159,,,1,1,MERCH,13878.5,51,https://www.amazon.com/dp/B0C1TMLRZ1,https://m.media-amazon.com/images/I/51haRjsz1eL._AC_UL320_.jpg,false,true,7,2026-01-28T12:10:41.655Z,
B0BZS452J4,"Fire Extinguisher Metal Bracket, Heavy Duty,Compatible with 5-Pound Fire Extinguishers (5LB 4PCS)",85.99,4.6,198,China,Tools & Home Improvement,34824,Fire Extinguisher Mounts & Brackets,13,,,7,1,FBA,6561.02,253,https://www.amazon.com/dp/B0BZS452J4,https://m.media-amazon.com/images/I/61ZpYMAOL9L._AC_UL320_.jpg,true,true,7,2026-01-28T12:10:41.656Z,
