المسعى الدور الأرضي,المسعى الدور الأول,المسعى الدور الثاني,الوقت,حالة المسعى الدور الأرضي,حالة المسعى الدور الأول,حالة المسعى الدور الثاني,حالة سطح المطاف,حالة صحن المطاف,حالة مطاف الدور الأرضي,حالة مطاف الدور الأول,سطح المطاف,صحن المطاف,مطاف الدور الأرضي,مطاف الدور الأول
"55 - 65","35 - 45","25 - 35","2026-02-25T00:23:27.438Z","أحمر","أحمر","أخضر","أخضر","أحمر","أخضر","أخضر","50 - 60","55 - 65","50 - 60","50 - 60"
"55 - 65","35 - 45","25 - 35","2026-02-25T00:28:21.800Z","أحمر","أحمر","أخضر","أخضر","أحمر","أخضر","أخضر","50 - 60","55 - 65","50 - 60","50 - 60"
"55 - 65","35 - 45","35 - 45","2026-02-25T00:33:40.675Z","أحمر","أحمر","أحمر","أخضر","أحمر","أخضر","أخضر","50 - 60","40 - 50","50 - 60","50 - 60"
"","","","2026-02-25T00:38:40.723Z","","","","","","","","","","",""
"55 - 65","35 - 45","35 - 45","2026-02-25T00:43:40.689Z","أحمر","أحمر","أحمر","أخضر","أحمر","أخضر","أخضر","50 - 60","40 - 50","50 - 60","50 - 60"
"55 - 65","35 - 45","35 - 45","2026-02-25T00:48:40.721Z","أحمر","أحمر","أحمر","أخضر","أحمر","أخضر","أخضر","50 - 60","40 - 50","50 - 60","50 - 60"
"55 - 65","35 - 45","35 - 45","2026-02-25T00:53:40.721Z","أحمر","أحمر","أحمر","أخضر","أحمر","أخضر","أخضر","50 - 60","40 - 50","50 - 60","50 - 60"
"55 - 65","35 - 45","35 - 45","2026-02-25T00:58:22.018Z","أحمر","أحمر","أحمر","أخضر","أحمر","أخضر","أخضر","50 - 60","40 - 50","50 - 60","50 - 60"
"55 - 65","35 - 45","35 - 45","2026-02-25T01:03:40.721Z","أحمر","أحمر","أحمر","أخضر","أحمر","أخضر","أخضر","50 - 60","40 - 50","50 - 60","50 - 60"
"55 - 65","35 - 45","35 - 45","2026-02-25T01:08:40.720Z","أحمر","أحمر","أحمر","أخضر","أحمر","أخضر","أخضر","50 - 60","40 - 50","50 - 60","50 - 60"
"55 - 65","35 - 45","35 - 45","2026-02-25T01:13:21.783Z","أحمر","أحمر","أحمر","أخضر","أحمر","أخضر","أخضر","50 - 60","40 - 50","50 - 60","50 - 60"
"55 - 65","35 - 45","35 - 45","2026-02-25T01:18:21.830Z","أحمر","أحمر","أحمر","أخضر","أحمر","أخضر","أخضر","50 - 60","40 - 50","50 - 60","50 - 60"
"55 - 65","35 - 45","35 - 45","2026-02-25T01:23:21.783Z","أحمر","أحمر","أحمر","أخضر","أحمر","أخضر","أخضر","50 - 60","40 - 50","50 - 60","50 - 60"
"55 - 65","35 - 45","35 - 45","2026-02-25T01:28:22.346Z","أحمر","أحمر","أحمر","أخضر","أحمر","أخضر","أخضر","50 - 60","40 - 50","50 - 60","50 - 60"
"55 - 65","35 - 45","35 - 45","2026-02-25T01:33:21.799Z","أحمر","أحمر","أحمر","أخضر","أحمر","أخضر","أخضر","50 - 60","40 - 50","50 - 60","50 - 60"
"55 - 65","35 - 45","35 - 45","2026-02-25T01:38:21.768Z","أحمر","أحمر","أحمر","أخضر","أحمر","أخضر","أخضر","50 - 60","40 - 50","50 - 60","50 - 60"
"55 - 65","35 - 45","35 - 45","2026-02-25T01:43:22.214Z","أحمر","أحمر","أحمر","أخضر","أحمر","أخضر","أخضر","50 - 60","40 - 50","50 - 60","50 - 60"
"55 - 65","35 - 45","35 - 45","2026-02-25T01:48:21.877Z","أحمر","أحمر","أحمر","أخضر","أحمر","أخضر","أخضر","50 - 60","40 - 50","50 - 60","50 - 60"
"55 - 65","35 - 45","35 - 45","2026-02-25T01:53:21.768Z","أحمر","أحمر","أحمر","أخضر","أحمر","أخضر","أخضر","50 - 60","40 - 50","50 - 60","50 - 60"
"55 - 65","35 - 45","35 - 45","2026-02-25T01:58:22.253Z","أحمر","أحمر","أحمر","أخضر","أحمر","أخضر","أخضر","50 - 60","40 - 50","50 - 60","50 - 60"
"55 - 65","35 - 45","35 - 45","2026-02-25T02:03:21.751Z","أحمر","أحمر","أحمر","أخضر","أحمر","أخضر","أخضر","50 - 60","40 - 50","50 - 60","50 - 60"
"55 - 65","35 - 45","35 - 45","2026-02-25T02:08:21.704Z","أحمر","أحمر","أحمر","أخضر","أحمر","أحمر","أحمر","50 - 60","55 - 65","70 - 80","70 - 80"
"55 - 65","35 - 45","35 - 45","2026-02-25T02:13:22.330Z","أحمر","أحمر","أحمر","أخضر","أحمر","أحمر","أحمر","50 - 60","55 - 65","70 - 80","70 - 80"
"55 - 65","35 - 45","35 - 45","2026-02-25T02:18:21.831Z","أحمر","أحمر","أحمر","أخضر","أحمر","أحمر","أحمر","50 - 60","55 - 65","70 - 80","70 - 80"
"55 - 65","35 - 45","35 - 45","2026-02-25T02:23:21.877Z","أحمر","أحمر","أحمر","أخضر","أحمر","أحمر","أحمر","50 - 60","55 - 65","70 - 80","70 - 80"
"55 - 65","35 - 45","35 - 45","2026-02-25T02:28:22.396Z","أحمر","أحمر","أحمر","أخضر","أحمر","أحمر","أحمر","50 - 60","55 - 65","70 - 80","70 - 80"
"55 - 65","35 - 45","35 - 45","2026-02-25T02:33:21.689Z","أحمر","أحمر","أحمر","أخضر","أحمر","أحمر","أحمر","50 - 60","55 - 65","70 - 80","70 - 80"
"55 - 65","35 - 45","35 - 45","2026-02-25T02:38:21.862Z","أحمر","أحمر","أحمر","أخضر","أحمر","أحمر","أحمر","50 - 60","55 - 65","70 - 80","70 - 80"
"55 - 65","35 - 45","35 - 45","2026-02-25T02:43:22.206Z","أحمر","أحمر","أحمر","أخضر","أحمر","أحمر","أحمر","50 - 60","55 - 65","70 - 80","70 - 80"
"55 - 65","35 - 45","35 - 45","2026-02-25T02:48:21.722Z","أحمر","أحمر","أحمر","أخضر","أحمر","أحمر","أحمر","50 - 60","55 - 65","70 - 80","70 - 80"
"55 - 65","35 - 45","35 - 45","2026-02-25T02:53:21.769Z","أحمر","أحمر","أحمر","أخضر","أحمر","أحمر","أحمر","50 - 60","55 - 65","70 - 80","70 - 80"
"55 - 65","35 - 45","35 - 45","2026-02-25T02:58:22.800Z","أحمر","أحمر","أحمر","أخضر","أحمر","أحمر","أحمر","50 - 60","55 - 65","70 - 80","70 - 80"
"55 - 65","35 - 45","35 - 45","2026-02-25T03:03:21.690Z","أحمر","أحمر","أحمر","أخضر","أحمر","أحمر","أحمر","50 - 60","55 - 65","70 - 80","70 - 80"
"55 - 65","35 - 45","35 - 45","2026-02-25T03:08:21.785Z","أحمر","أحمر","أحمر","أخضر","أحمر","أحمر","أحمر","50 - 60","55 - 65","70 - 80","70 - 80"
"55 - 65","35 - 45","35 - 45","2026-02-25T03:13:22.878Z","أحمر","أحمر","أحمر","أخضر","أحمر","أحمر","أحمر","50 - 60","55 - 65","70 - 80","70 - 80"
"55 - 65","35 - 45","25 - 35","2026-02-25T03:18:21.721Z","أحمر","أحمر","أخضر","أخضر","أحمر","أحمر","أحمر","50 - 60","40 - 50","70 - 80","70 - 80"
"55 - 65","35 - 45","25 - 35","2026-02-25T03:23:21.753Z","أحمر","أحمر","أخضر","أخضر","أحمر","أحمر","أحمر","50 - 60","40 - 50","70 - 80","70 - 80"
"55 - 65","35 - 45","25 - 35","2026-02-25T03:28:22.597Z","أحمر","أحمر","أخضر","أخضر","أحمر","أحمر","أحمر","50 - 60","40 - 50","70 - 80","70 - 80"
"55 - 65","35 - 45","25 - 35","2026-02-25T03:33:21.738Z","أحمر","أحمر","أخضر","أخضر","أحمر","أحمر","أحمر","50 - 60","40 - 50","70 - 80","70 - 80"
"55 - 65","35 - 45","25 - 35","2026-02-25T03:38:21.801Z","أحمر","أحمر","أخضر","أخضر","أحمر","أحمر","أحمر","50 - 60","40 - 50","70 - 80","70 - 80"
"55 - 65","35 - 45","25 - 35","2026-02-25T03:43:22.659Z","أحمر","أحمر","أخضر","أخضر","أحمر","أحمر","أحمر","50 - 60","40 - 50","70 - 80","70 - 80"
"55 - 65","35 - 45","25 - 35","2026-02-25T03:48:21.831Z","أحمر","أحمر","أخضر","أخضر","أحمر","أحمر","أحمر","50 - 60","40 - 50","70 - 80","70 - 80"
"55 - 65","35 - 45","25 - 35","2026-02-25T03:53:21.660Z","أحمر","أحمر","أخضر","أخضر","أحمر","أحمر","أحمر","50 - 60","40 - 50","70 - 80","70 - 80"
"55 - 65","35 - 45","25 - 35","2026-02-25T03:58:21.878Z","أحمر","أحمر","أخضر","أخضر","أحمر","أحمر","أحمر","50 - 60","40 - 50","70 - 80","70 - 80"
"55 - 65","35 - 45","25 - 35","2026-02-25T04:03:22.034Z","أحمر","أحمر","أخضر","أخضر","أحمر","أحمر","أحمر","50 - 60","40 - 50","70 - 80","70 - 80"
"55 - 65","35 - 45","25 - 35","2026-02-25T04:08:21.925Z","أحمر","أحمر","أخضر","أخضر","أحمر","أحمر","أحمر","50 - 60","40 - 50","70 - 80","70 - 80"
"55 - 65","35 - 45","25 - 35","2026-02-25T04:13:21.909Z","أحمر","أحمر","أخضر","أخضر","أحمر","أحمر","أحمر","50 - 60","40 - 50","70 - 80","70 - 80"
"55 - 65","35 - 45","25 - 35","2026-02-25T04:18:22.206Z","أحمر","أحمر","أخضر","أخضر","أحمر","أحمر","أحمر","50 - 60","40 - 50","70 - 80","70 - 80"
"55 - 65","35 - 45","25 - 35","2026-02-25T04:23:21.675Z","أحمر","أحمر","أخضر","أخضر","أحمر","أحمر","أحمر","50 - 60","40 - 50","70 - 80","70 - 80"
"55 - 65","35 - 45","25 - 35","2026-02-25T04:28:21.940Z","أحمر","أحمر","أخضر","أخضر","أحمر","أحمر","أحمر","50 - 60","40 - 50","70 - 80","70 - 80"
"55 - 65","35 - 45","25 - 35","2026-02-25T04:33:22.221Z","أحمر","أحمر","أخضر","أخضر","أحمر","أحمر","أحمر","50 - 60","40 - 50","70 - 80","70 - 80"
"55 - 65","35 - 45","25 - 35","2026-02-25T04:38:21.722Z","أحمر","أحمر","أخضر","أخضر","أحمر","أحمر","أحمر","50 - 60","40 - 50","70 - 80","70 - 80"
"55 - 65","35 - 45","25 - 35","2026-02-25T04:43:21.767Z","أحمر","أحمر","أخضر","أخضر","أحمر","أحمر","أحمر","50 - 60","40 - 50","70 - 80","70 - 80"
"55 - 65","35 - 45","25 - 35","2026-02-25T04:48:22.222Z","أحمر","أحمر","أخضر","أخضر","أحمر","أحمر","أحمر","50 - 60","40 - 50","70 - 80","70 - 80"
"55 - 65","35 - 45","25 - 35","2026-02-25T04:53:21.830Z","أحمر","أحمر","أخضر","أخضر","أحمر","أحمر","أحمر","50 - 60","40 - 50","70 - 80","70 - 80"
"55 - 65","35 - 45","25 - 35","2026-02-25T04:58:21.892Z","أحمر","أحمر","أخضر","أخضر","أحمر","أحمر","أحمر","50 - 60","40 - 50","70 - 80","70 - 80"
"55 - 65","35 - 45","25 - 35","2026-02-25T05:03:22.269Z","أحمر","أحمر","أخضر","أخضر","أحمر","أحمر","أحمر","50 - 60","40 - 50","70 - 80","70 - 80"
"55 - 65","35 - 45","25 - 35","2026-02-25T05:08:21.784Z","أحمر","أحمر","أخضر","أخضر","أحمر","أحمر","أحمر","50 - 60","40 - 50","70 - 80","70 - 80"
"55 - 65","35 - 45","25 - 35","2026-02-25T05:13:21.800Z","أحمر","أحمر","أخضر","أخضر","أحمر","أحمر","أحمر","50 - 60","40 - 50","70 - 80","70 - 80"
"55 - 65","35 - 45","25 - 35","2026-02-25T05:18:22.220Z","أحمر","أحمر","أخضر","أخضر","أحمر","أحمر","أحمر","50 - 60","40 - 50","70 - 80","70 - 80"
"55 - 65","35 - 45","25 - 35","2026-02-25T05:23:21.737Z","أحمر","أحمر","أخضر","أخضر","أحمر","أحمر","أحمر","50 - 60","40 - 50","70 - 80","70 - 80"
"55 - 65","35 - 45","25 - 35","2026-02-25T05:28:21.972Z","أحمر","أحمر","أخضر","أخضر","أحمر","أحمر","أحمر","50 - 60","40 - 50","70 - 80","70 - 80"
"55 - 65","35 - 45","25 - 35","2026-02-25T05:33:22.377Z","أحمر","أحمر","أخضر","أخضر","أحمر","أحمر","أحمر","50 - 60","40 - 50","70 - 80","70 - 80"
"55 - 65","35 - 45","25 - 35","2026-02-25T05:38:21.722Z","أحمر","أحمر","أخضر","أخضر","أحمر","أحمر","أحمر","50 - 60","40 - 50","70 - 80","70 - 80"
"55 - 65","35 - 45","25 - 35","2026-02-25T05:43:21.783Z","أحمر","أحمر","أخضر","أخضر","أحمر","أحمر","أحمر","50 - 60","40 - 50","70 - 80","70 - 80"
"55 - 65","35 - 45","25 - 35","2026-02-25T05:48:22.143Z","أحمر","أحمر","أخضر","أخضر","أحمر","أحمر","أحمر","50 - 60","40 - 50","70 - 80","70 - 80"
"55 - 65","35 - 45","25 - 35","2026-02-25T05:53:21.731Z","أحمر","أحمر","أخضر","أخضر","أحمر","أحمر","أحمر","50 - 60","40 - 50","70 - 80","70 - 80"
"55 - 65","35 - 45","25 - 35","2026-02-25T05:58:21.862Z","أحمر","أحمر","أخضر","أخضر","أحمر","أحمر","أحمر","50 - 60","40 - 50","70 - 80","70 - 80"
"55 - 65","35 - 45","25 - 35","2026-02-25T06:03:22.129Z","أحمر","أحمر","أخضر","أخضر","أحمر","أحمر","أحمر","50 - 60","40 - 50","70 - 80","70 - 80"
"55 - 65","35 - 45","25 - 35","2026-02-25T06:08:21.768Z","أحمر","أحمر","أخضر","أخضر","أحمر","أحمر","أحمر","50 - 60","40 - 50","70 - 80","70 - 80"
"55 - 65","35 - 45","25 - 35","2026-02-25T06:13:22.129Z","أحمر","أحمر","أخضر","أخضر","أحمر","أحمر","أحمر","50 - 60","40 - 50","70 - 80","70 - 80"
"55 - 65","35 - 45","25 - 35","2026-02-25T06:18:22.269Z","أحمر","أحمر","أخضر","أخضر","أحمر","أحمر","أحمر","50 - 60","40 - 50","70 - 80","70 - 80"
"55 - 65","35 - 45","25 - 35","2026-02-25T06:23:21.769Z","أحمر","أحمر","أخضر","أخضر","أحمر","أحمر","أحمر","50 - 60","40 - 50","70 - 80","70 - 80"
"55 - 65","35 - 45","25 - 35","2026-02-25T06:28:22.285Z","أحمر","أحمر","أخضر","أخضر","أحمر","أحمر","أحمر","50 - 60","40 - 50","70 - 80","70 - 80"
"55 - 65","35 - 45","25 - 35","2026-02-25T06:33:22.128Z","أحمر","أحمر","أخضر","أخضر","أحمر","أحمر","أحمر","50 - 60","40 - 50","70 - 80","70 - 80"
"55 - 65","35 - 45","25 - 35","2026-02-25T06:38:21.677Z","أحمر","أحمر","أخضر","أخضر","أحمر","أحمر","أحمر","50 - 60","40 - 50","70 - 80","70 - 80"
"55 - 65","35 - 45","25 - 35","2026-02-25T06:43:21.784Z","أحمر","أحمر","أخضر","أخضر","أحمر","أحمر","أحمر","50 - 60","40 - 50","70 - 80","70 - 80"
"55 - 65","35 - 45","25 - 35","2026-02-25T06:48:22.217Z","أحمر","أحمر","أخضر","أخضر","أحمر","أحمر","أحمر","50 - 60","40 - 50","70 - 80","70 - 80"
"55 - 65","35 - 45","25 - 35","2026-02-25T06:53:21.639Z","أحمر","أحمر","أخضر","أخضر","أحمر","أحمر","أحمر","50 - 60","40 - 50","70 - 80","70 - 80"
"45 - 55","35 - 45","25 - 35","2026-02-25T06:58:21.938Z","أحمر","أحمر","أخضر","rgba(72, 79, 87, 0.7)","أحمر","أحمر","أحمر","غير متاح","40 - 50","70 - 80","70 - 80"
"45 - 55","35 - 45","25 - 35","2026-02-25T07:08:22.151Z","أحمر","أحمر","أخضر","rgba(72, 79, 87, 0.7)","أحمر","أحمر","أحمر","غير متاح","40 - 50","70 - 80","70 - 80"
"45 - 55","35 - 45","25 - 35","2026-02-25T07:13:21.901Z","أحمر","أحمر","أخضر","rgba(72, 79, 87, 0.7)","أحمر","أحمر","أحمر","غير متاح","40 - 50","70 - 80","70 - 80"
"45 - 55","35 - 45","25 - 35","2026-02-25T07:18:21.669Z","أحمر","أحمر","أخضر","rgba(72, 79, 87, 0.7)","أحمر","أحمر","أحمر","غير متاح","40 - 50","70 - 80","70 - 80"
"45 - 55","35 - 45","25 - 35","2026-02-25T07:23:22.340Z","أحمر","أحمر","أخضر","rgba(72, 79, 87, 0.7)","أحمر","أحمر","أحمر","غير متاح","40 - 50","70 - 80","70 - 80"
"45 - 55","35 - 45","25 - 35","2026-02-25T07:28:21.819Z","أحمر","أحمر","أخضر","rgba(72, 79, 87, 0.7)","أحمر","أحمر","أحمر","غير متاح","40 - 50","70 - 80","70 - 80"
"45 - 55","35 - 45","25 - 35","2026-02-25T07:33:21.833Z","أحمر","أحمر","أخضر","rgba(72, 79, 87, 0.7)","أحمر","أحمر","أحمر","غير متاح","40 - 50","70 - 80","70 - 80"
"45 - 55","35 - 45","25 - 35","2026-02-25T07:38:22.356Z","أحمر","أحمر","أخضر","rgba(72, 79, 87, 0.7)","أحمر","أحمر","أحمر","غير متاح","40 - 50","70 - 80","70 - 80"
"45 - 55","35 - 45","25 - 35","2026-02-25T07:43:21.763Z","أحمر","أحمر","أخضر","rgba(72, 79, 87, 0.7)","أحمر","أحمر","أحمر","غير متاح","40 - 50","70 - 80","70 - 80"
"45 - 55","35 - 45","25 - 35","2026-02-25T07:48:21.836Z","أحمر","أحمر","أخضر","rgba(72, 79, 87, 0.7)","أحمر","أحمر","أحمر","غير متاح","40 - 50","70 - 80","70 - 80"
"45 - 55","35 - 45","25 - 35","2026-02-25T07:53:22.145Z","أحمر","أحمر","أخضر","rgba(72, 79, 87, 0.7)","أحمر","أحمر","أحمر","غير متاح","40 - 50","70 - 80","70 - 80"
"45 - 55","35 - 45","25 - 35","2026-02-25T07:58:21.866Z","أحمر","أحمر","أخضر","rgba(72, 79, 87, 0.7)","أحمر","أحمر","أحمر","غير متاح","40 - 50","70 - 80","70 - 80"
"45 - 55","35 - 45","25 - 35","2026-02-25T08:03:21.821Z","أحمر","أحمر","أخضر","rgba(72, 79, 87, 0.7)","أحمر","أخضر","أحمر","غير متاح","40 - 50","50 - 60","70 - 80"
"55 - 65","35 - 45","35 - 45","2026-02-25T08:08:22.262Z","أحمر","أحمر","أحمر","rgba(72, 79, 87, 0.7)","أحمر","أخضر","أحمر","غير متاح","40 - 50","50 - 60","70 - 80"
"55 - 65","35 - 45","35 - 45","2026-02-25T08:13:22.143Z","أحمر","أحمر","أحمر","rgba(72, 79, 87, 0.7)","أحمر","أخضر","أحمر","غير متاح","40 - 50","50 - 60","70 - 80"
"55 - 65","35 - 45","35 - 45","2026-02-25T08:18:21.722Z","أحمر","أحمر","أحمر","rgba(72, 79, 87, 0.7)","أحمر","أخضر","أحمر","غير متاح","40 - 50","50 - 60","70 - 80"
"55 - 65","35 - 45","35 - 45","2026-02-25T08:23:22.392Z","أحمر","أحمر","أحمر","rgba(72, 79, 87, 0.7)","أحمر","أخضر","أحمر","غير متاح","40 - 50","50 - 60","70 - 80"
"55 - 65","35 - 45","35 - 45","2026-02-25T08:28:21.862Z","أحمر","أحمر","أحمر","rgba(72, 79, 87, 0.7)","أحمر","أخضر","أحمر","غير متاح","40 - 50","50 - 60","70 - 80"
"55 - 65","35 - 45","35 - 45","2026-02-25T08:33:21.570Z","أحمر","أحمر","أحمر","rgba(72, 79, 87, 0.7)","أحمر","أخضر","أحمر","غير متاح","40 - 50","50 - 60","70 - 80"
"55 - 65","35 - 45","35 - 45","2026-02-25T08:38:22.152Z","أحمر","أحمر","أحمر","rgba(72, 79, 87, 0.7)","أحمر","أخضر","أحمر","غير متاح","40 - 50","50 - 60","70 - 80"
"55 - 65","35 - 45","35 - 45","2026-02-25T08:43:21.835Z","أحمر","أحمر","أحمر","rgba(72, 79, 87, 0.7)","أحمر","أخضر","أحمر","غير متاح","40 - 50","50 - 60","70 - 80"
"55 - 65","35 - 45","35 - 45","2026-02-25T08:48:21.889Z","أحمر","أحمر","أحمر","rgba(72, 79, 87, 0.7)","أحمر","أخضر","أحمر","غير متاح","40 - 50","50 - 60","70 - 80"
"55 - 65","35 - 45","35 - 45","2026-02-25T08:53:22.252Z","أحمر","أحمر","أحمر","rgba(72, 79, 87, 0.7)","أحمر","أخضر","أحمر","غير متاح","40 - 50","50 - 60","70 - 80"
"55 - 65","35 - 45","35 - 45","2026-02-25T08:58:21.842Z","أحمر","أحمر","أحمر","rgba(72, 79, 87, 0.7)","أحمر","أخضر","أحمر","غير متاح","40 - 50","50 - 60","70 - 80"
"45 - 55","35 - 45","25 - 35","2026-02-25T09:03:21.946Z","أحمر","أحمر","أخضر","rgba(72, 79, 87, 0.7)","أحمر","أخضر","أحمر","غير متاح","40 - 50","50 - 60","70 - 80"
"45 - 55","35 - 45","25 - 35","2026-02-25T09:08:22.313Z","أحمر","أحمر","أخضر","rgba(72, 79, 87, 0.7)","أحمر","أخضر","أحمر","غير متاح","40 - 50","50 - 60","70 - 80"
"45 - 55","35 - 45","25 - 35","2026-02-25T09:13:22.183Z","أحمر","أحمر","أخضر","rgba(72, 79, 87, 0.7)","أحمر","أخضر","أحمر","غير متاح","40 - 50","50 - 60","70 - 80"
"45 - 55","35 - 45","25 - 35","2026-02-25T09:18:21.729Z","أحمر","أحمر","أخضر","rgba(72, 79, 87, 0.7)","أحمر","أخضر","أحمر","غير متاح","40 - 50","50 - 60","70 - 80"
"45 - 55","35 - 45","25 - 35","2026-02-25T09:23:22.155Z","أحمر","أحمر","أخضر","rgba(72, 79, 87, 0.7)","أحمر","أخضر","أحمر","غير متاح","40 - 50","50 - 60","70 - 80"
"45 - 55","35 - 45","25 - 35","2026-02-25T09:28:22.620Z","أحمر","أحمر","أخضر","rgba(72, 79, 87, 0.7)","أحمر","أخضر","أحمر","غير متاح","40 - 50","50 - 60","70 - 80"
"45 - 55","35 - 45","25 - 35","2026-02-25T09:33:21.737Z","أحمر","أحمر","أخضر","rgba(72, 79, 87, 0.7)","أحمر","أخضر","أحمر","غير متاح","40 - 50","50 - 60","70 - 80"
"45 - 55","35 - 45","25 - 35","2026-02-25T09:38:21.775Z","أحمر","أحمر","أخضر","rgba(72, 79, 87, 0.7)","أحمر","أخضر","أحمر","غير متاح","40 - 50","50 - 60","70 - 80"
"45 - 55","35 - 45","25 - 35","2026-02-25T09:43:22.227Z","أحمر","أحمر","أخضر","rgba(72, 79, 87, 0.7)","أحمر","أخضر","أحمر","غير متاح","40 - 50","50 - 60","70 - 80"
"45 - 55","35 - 45","25 - 35","2026-02-25T09:48:21.941Z","أحمر","أحمر","أخضر","rgba(72, 79, 87, 0.7)","أحمر","أخضر","أحمر","غير متاح","40 - 50","50 - 60","70 - 80"
"45 - 55","35 - 45","25 - 35","2026-02-25T09:53:21.823Z","أحمر","أحمر","أخضر","rgba(72, 79, 87, 0.7)","أحمر","أخضر","أحمر","غير متاح","40 - 50","50 - 60","70 - 80"
"45 - 55","35 - 45","25 - 35","2026-02-25T09:58:22.248Z","أحمر","أحمر","أخضر","rgba(72, 79, 87, 0.7)","أحمر","أخضر","أحمر","غير متاح","40 - 50","50 - 60","70 - 80"
"45 - 55","35 - 45","25 - 35","2026-02-25T10:03:21.800Z","أحمر","أحمر","أخضر","rgba(72, 79, 87, 0.7)","أحمر","أحمر","أحمر","غير متاح","40 - 50","70 - 80","70 - 80"
"45 - 55","35 - 45","25 - 35","2026-02-25T10:08:21.806Z","أحمر","أحمر","أخضر","rgba(72, 79, 87, 0.7)","أحمر","أحمر","أحمر","غير متاح","40 - 50","70 - 80","70 - 80"
"45 - 55","35 - 45","25 - 35","2026-02-25T10:13:22.364Z","أحمر","أحمر","أخضر","rgba(72, 79, 87, 0.7)","أحمر","أحمر","أحمر","غير متاح","40 - 50","70 - 80","70 - 80"
"45 - 55","35 - 45","25 - 35","2026-02-25T10:18:21.914Z","أحمر","أحمر","أخضر","rgba(72, 79, 87, 0.7)","أحمر","أحمر","أحمر","غير متاح","40 - 50","70 - 80","70 - 80"
"45 - 55","35 - 45","25 - 35","2026-02-25T10:23:21.738Z","أحمر","أحمر","أخضر","rgba(72, 79, 87, 0.7)","أحمر","أحمر","أحمر","غير متاح","40 - 50","70 - 80","70 - 80"
"45 - 55","35 - 45","25 - 35","2026-02-25T10:28:22.298Z","أحمر","أحمر","أخضر","rgba(72, 79, 87, 0.7)","أحمر","أحمر","أحمر","غير متاح","40 - 50","70 - 80","70 - 80"
"45 - 55","35 - 45","25 - 35","2026-02-25T10:33:21.873Z","أحمر","أحمر","أخضر","rgba(72, 79, 87, 0.7)","أحمر","أحمر","أحمر","غير متاح","40 - 50","70 - 80","70 - 80"
"45 - 55","35 - 45","25 - 35","2026-02-25T10:38:21.797Z","أحمر","أحمر","أخضر","rgba(72, 79, 87, 0.7)","أحمر","أحمر","أحمر","غير متاح","40 - 50","70 - 80","70 - 80"
"45 - 55","35 - 45","25 - 35","2026-02-25T10:43:22.409Z","أحمر","أحمر","أخضر","rgba(72, 79, 87, 0.7)","أحمر","أحمر","أحمر","غير متاح","40 - 50","70 - 80","70 - 80"
"45 - 55","35 - 45","25 - 35","2026-02-25T10:48:21.972Z","أحمر","أحمر","أخضر","rgba(72, 79, 87, 0.7)","أحمر","أحمر","أحمر","غير متاح","40 - 50","70 - 80","70 - 80"
"45 - 55","35 - 45","25 - 35","2026-02-25T10:53:21.748Z","أحمر","أحمر","أخضر","rgba(72, 79, 87, 0.7)","أحمر","أحمر","أحمر","غير متاح","40 - 50","70 - 80","70 - 80"
"45 - 55","35 - 45","25 - 35","2026-02-25T10:58:22.268Z","أحمر","أحمر","أخضر","rgba(72, 79, 87, 0.7)","أحمر","أحمر","أحمر","غير متاح","40 - 50","70 - 80","70 - 80"
"45 - 55","35 - 45","25 - 35","2026-02-25T11:03:22.219Z","أحمر","أحمر","أخضر","rgba(72, 79, 87, 0.7)","أحمر","أحمر","أحمر","غير متاح","40 - 50","70 - 80","70 - 80"
"45 - 55","35 - 45","25 - 35","2026-02-25T11:08:22.123Z","أحمر","أحمر","أخضر","rgba(72, 79, 87, 0.7)","أحمر","أحمر","أحمر","غير متاح","40 - 50","70 - 80","70 - 80"
"45 - 55","35 - 45","25 - 35","2026-02-25T11:13:22.458Z","أحمر","أحمر","أخضر","rgba(72, 79, 87, 0.7)","أحمر","أحمر","أحمر","غير متاح","40 - 50","70 - 80","70 - 80"
"45 - 55","35 - 45","25 - 35","2026-02-25T11:18:22.698Z","أحمر","أحمر","أخضر","rgba(72, 79, 87, 0.7)","أحمر","أحمر","أحمر","غير متاح","40 - 50","70 - 80","70 - 80"
"45 - 55","35 - 45","25 - 35","2026-02-25T11:23:21.701Z","أحمر","أحمر","أخضر","rgba(72, 79, 87, 0.7)","أحمر","أحمر","أحمر","غير متاح","40 - 50","70 - 80","70 - 80"
"45 - 55","35 - 45","25 - 35","2026-02-25T11:28:22.401Z","أحمر","أحمر","أخضر","rgba(72, 79, 87, 0.7)","أحمر","أحمر","أحمر","غير متاح","40 - 50","70 - 80","70 - 80"
"45 - 55","35 - 45","25 - 35","2026-02-25T11:33:22.087Z","أحمر","أحمر","أخضر","rgba(72, 79, 87, 0.7)","أحمر","أحمر","أحمر","غير متاح","40 - 50","70 - 80","70 - 80"
"45 - 55","35 - 45","25 - 35","2026-02-25T11:38:21.911Z","أحمر","أحمر","أخضر","rgba(72, 79, 87, 0.7)","أحمر","أحمر","أحمر","غير متاح","40 - 50","70 - 80","70 - 80"
"45 - 55","35 - 45","25 - 35","2026-02-25T11:43:22.692Z","أحمر","أحمر","أخضر","rgba(72, 79, 87, 0.7)","أحمر","أحمر","أحمر","غير متاح","40 - 50","70 - 80","70 - 80"
"45 - 55","35 - 45","25 - 35","2026-02-25T11:48:21.914Z","أحمر","أحمر","أخضر","rgba(72, 79, 87, 0.7)","أحمر","أحمر","أحمر","غير متاح","40 - 50","70 - 80","70 - 80"
"45 - 55","35 - 45","25 - 35","2026-02-25T11:53:22.050Z","أحمر","أحمر","أخضر","rgba(72, 79, 87, 0.7)","أحمر","أحمر","أحمر","غير متاح","40 - 50","70 - 80","70 - 80"
"45 - 55","35 - 45","25 - 35","2026-02-25T11:58:21.932Z","أحمر","أحمر","أخضر","rgba(72, 79, 87, 0.7)","أحمر","أحمر","أحمر","غير متاح","40 - 50","70 - 80","70 - 80"
"45 - 55","35 - 45","25 - 35","2026-02-25T12:03:22.277Z","أحمر","أحمر","أخضر","rgba(72, 79, 87, 0.7)","أحمر","أحمر","أحمر","غير متاح","40 - 50","70 - 80","70 - 80"
"55 - 65","35 - 45","25 - 35","2026-02-25T12:08:22.038Z","أحمر","أحمر","أخضر","أخضر","أحمر","أحمر","أحمر","50 - 60","55 - 65","70 - 80","70 - 80"
"55 - 65","35 - 45","25 - 35","2026-02-25T12:13:22.022Z","أحمر","أحمر","أخضر","أخضر","أحمر","أحمر","أحمر","50 - 60","55 - 65","70 - 80","70 - 80"
"55 - 65","35 - 45","25 - 35","2026-02-25T12:18:21.877Z","أحمر","أحمر","أخضر","أخضر","أحمر","أحمر","أحمر","50 - 60","55 - 65","70 - 80","70 - 80"
"55 - 65","35 - 45","25 - 35","2026-02-25T12:23:21.704Z","أحمر","أحمر","أخضر","أخضر","أحمر","أحمر","أحمر","50 - 60","55 - 65","70 - 80","70 - 80"
"55 - 65","35 - 45","25 - 35","2026-02-25T12:28:22.931Z","أحمر","أحمر","أخضر","أخضر","أحمر","أحمر","أحمر","50 - 60","55 - 65","70 - 80","70 - 80"
"55 - 65","35 - 45","25 - 35","2026-02-25T12:33:21.974Z","أحمر","أحمر","أخضر","أخضر","أحمر","أحمر","أحمر","50 - 60","55 - 65","70 - 80","70 - 80"
"55 - 65","35 - 45","25 - 35","2026-02-25T12:38:21.824Z","أحمر","أحمر","أخضر","أخضر","أحمر","أحمر","أحمر","50 - 60","55 - 65","70 - 80","70 - 80"
"55 - 65","35 - 45","25 - 35","2026-02-25T12:43:21.877Z","أحمر","أحمر","أخضر","أخضر","أحمر","أحمر","أحمر","50 - 60","55 - 65","70 - 80","70 - 80"
"55 - 65","35 - 45","25 - 35","2026-02-25T12:48:22.271Z","أحمر","أحمر","أخضر","أخضر","أحمر","أحمر","أحمر","50 - 60","55 - 65","70 - 80","70 - 80"
"55 - 65","35 - 45","25 - 35","2026-02-25T12:53:21.729Z","أحمر","أحمر","أخضر","أخضر","أحمر","أحمر","أحمر","50 - 60","55 - 65","70 - 80","70 - 80"
"55 - 65","35 - 45","25 - 35","2026-02-25T12:58:22.100Z","أحمر","أحمر","أخضر","أخضر","أحمر","أحمر","أحمر","50 - 60","55 - 65","70 - 80","70 - 80"
"55 - 65","35 - 45","25 - 35","2026-02-25T13:03:22.276Z","أحمر","أحمر","أخضر","أخضر","أحمر","أحمر","أحمر","50 - 60","55 - 65","70 - 80","70 - 80"
"55 - 65","35 - 45","25 - 35","2026-02-25T13:08:21.816Z","أحمر","أحمر","أخضر","أخضر","أحمر","أحمر","أحمر","50 - 60","55 - 65","70 - 80","100 - 110"
"55 - 65","35 - 45","25 - 35","2026-02-25T13:13:21.894Z","أحمر","أحمر","أخضر","أخضر","أحمر","أحمر","أحمر","50 - 60","55 - 65","70 - 80","100 - 110"
"55 - 65","35 - 45","25 - 35","2026-02-25T13:18:22.372Z","أحمر","أحمر","أخضر","أخضر","أحمر","أحمر","أحمر","50 - 60","55 - 65","70 - 80","100 - 110"
"55 - 65","35 - 45","25 - 35","2026-02-25T13:23:21.971Z","أحمر","أحمر","أخضر","أخضر","أحمر","أحمر","أحمر","50 - 60","55 - 65","70 - 80","100 - 110"
"55 - 65","35 - 45","25 - 35","2026-02-25T13:28:22.134Z","أحمر","أحمر","أخضر","أخضر","أحمر","أحمر","أحمر","50 - 60","55 - 65","70 - 80","100 - 110"
"55 - 65","35 - 45","25 - 35","2026-02-25T13:33:22.274Z","أحمر","أحمر","أخضر","أخضر","أحمر","أحمر","أحمر","50 - 60","55 - 65","70 - 80","100 - 110"
"55 - 65","35 - 45","25 - 35","2026-02-25T13:38:21.708Z","أحمر","أحمر","أخضر","أخضر","أحمر","أحمر","أحمر","50 - 60","55 - 65","70 - 80","100 - 110"
"55 - 65","35 - 45","25 - 35","2026-02-25T13:43:21.976Z","أحمر","أحمر","أخضر","أخضر","أحمر","أحمر","أحمر","50 - 60","55 - 65","70 - 80","100 - 110"
"55 - 65","35 - 45","25 - 35","2026-02-25T13:48:22.169Z","أحمر","أحمر","أخضر","أخضر","أحمر","أحمر","أحمر","50 - 60","55 - 65","70 - 80","100 - 110"
"55 - 65","35 - 45","25 - 35","2026-02-25T13:53:21.722Z","أحمر","أحمر","أخضر","أخضر","أحمر","أحمر","أحمر","50 - 60","55 - 65","70 - 80","100 - 110"
"55 - 65","35 - 45","25 - 35","2026-02-25T13:58:22.396Z","أحمر","أحمر","أخضر","أخضر","أحمر","أحمر","أحمر","50 - 60","55 - 65","70 - 80","100 - 110"
"45 - 55","35 - 45","25 - 35","2026-02-25T14:03:22.302Z","أحمر","أحمر","أخضر","أخضر","أحمر","أحمر","أحمر","50 - 60","55 - 65","70 - 80","70 - 80"
"45 - 55","35 - 45","25 - 35","2026-02-25T14:08:22.046Z","أحمر","أحمر","أخضر","أخضر","أحمر","أحمر","أحمر","50 - 60","55 - 65","70 - 80","70 - 80"
"45 - 55","35 - 45","25 - 35","2026-02-25T14:13:21.816Z","أحمر","أحمر","أخضر","أخضر","أحمر","أحمر","أحمر","50 - 60","55 - 65","70 - 80","70 - 80"
"45 - 55","35 - 45","25 - 35","2026-02-25T14:18:22.220Z","أحمر","أحمر","أخضر","أخضر","أحمر","أحمر","أحمر","50 - 60","55 - 65","70 - 80","70 - 80"
"45 - 55","35 - 45","25 - 35","2026-02-25T14:23:21.733Z","أحمر","أحمر","أخضر","أخضر","أحمر","أحمر","أحمر","50 - 60","55 - 65","70 - 80","70 - 80"
"45 - 55","35 - 45","25 - 35","2026-02-25T14:28:22.293Z","أحمر","أحمر","أخضر","أخضر","أحمر","أحمر","أحمر","50 - 60","55 - 65","70 - 80","70 - 80"
"45 - 55","35 - 45","25 - 35","2026-02-25T14:33:22.327Z","أحمر","أحمر","أخضر","أخضر","أحمر","أحمر","أحمر","50 - 60","55 - 65","70 - 80","70 - 80"
"45 - 55","35 - 45","25 - 35","2026-02-25T14:38:21.937Z","أحمر","أحمر","أخضر","أخضر","أحمر","أحمر","أحمر","50 - 60","55 - 65","70 - 80","70 - 80"
"45 - 55","35 - 45","25 - 35","2026-02-25T14:43:21.832Z","أحمر","أحمر","أخضر","أخضر","أحمر","أحمر","أحمر","50 - 60","55 - 65","70 - 80","70 - 80"
"45 - 55","35 - 45","25 - 35","2026-02-25T14:48:22.288Z","أحمر","أحمر","أخضر","أخضر","أحمر","أحمر","أحمر","50 - 60","55 - 65","70 - 80","70 - 80"
"45 - 55","35 - 45","25 - 35","2026-02-25T14:53:21.771Z","أحمر","أحمر","أخضر","أخضر","أحمر","أحمر","أحمر","50 - 60","55 - 65","70 - 80","70 - 80"
"45 - 55","35 - 45","25 - 35","2026-02-25T14:58:21.783Z","أحمر","أحمر","أخضر","أخضر","أحمر","أحمر","أحمر","50 - 60","55 - 65","70 - 80","70 - 80"
"45 - 55","35 - 45","25 - 35","2026-02-25T15:03:22.240Z","أحمر","أحمر","أخضر","أخضر","أحمر","أحمر","أحمر","50 - 60","55 - 65","70 - 80","70 - 80"
"45 - 55","35 - 45","25 - 35","2026-02-25T15:08:21.803Z","أحمر","أحمر","أخضر","أخضر","أحمر","أحمر","أحمر","50 - 60","55 - 65","70 - 80","70 - 80"
"45 - 55","35 - 45","25 - 35","2026-02-25T15:13:22.630Z","أحمر","أحمر","أخضر","أخضر","أحمر","أحمر","أحمر","50 - 60","55 - 65","70 - 80","70 - 80"
"45 - 55","35 - 45","25 - 35","2026-02-25T15:18:21.897Z","أحمر","أحمر","أخضر","أخضر","أحمر","أحمر","أحمر","50 - 60","55 - 65","70 - 80","70 - 80"
"45 - 55","35 - 45","25 - 35","2026-02-25T15:23:21.701Z","أحمر","أحمر","أخضر","أخضر","أحمر","أحمر","أحمر","50 - 60","55 - 65","70 - 80","70 - 80"
"45 - 55","35 - 45","25 - 35","2026-02-25T15:28:22.688Z","أحمر","أحمر","أخضر","أخضر","أحمر","أحمر","أحمر","50 - 60","55 - 65","70 - 80","70 - 80"
"45 - 55","35 - 45","25 - 35","2026-02-25T15:33:21.736Z","أحمر","أحمر","أخضر","أخضر","أحمر","أحمر","أحمر","50 - 60","55 - 65","70 - 80","70 - 80"
"45 - 55","35 - 45","25 - 35","2026-02-25T15:38:21.787Z","أحمر","أحمر","أخضر","أخضر","أحمر","أحمر","أحمر","50 - 60","55 - 65","70 - 80","70 - 80"
"45 - 55","35 - 45","25 - 35","2026-02-25T15:43:22.507Z","أحمر","أحمر","أخضر","أخضر","أحمر","أحمر","أحمر","50 - 60","55 - 65","70 - 80","70 - 80"
"45 - 55","35 - 45","25 - 35","2026-02-25T15:48:21.809Z","أحمر","أحمر","أخضر","أخضر","أحمر","أحمر","أحمر","50 - 60","55 - 65","70 - 80","70 - 80"
"45 - 55","35 - 45","25 - 35","2026-02-25T15:53:21.729Z","أحمر","أحمر","أخضر","أحمر","أحمر","أحمر","أحمر","70 - 80","55 - 65","70 - 80","70 - 80"
"45 - 55","35 - 45","25 - 35","2026-02-25T15:58:22.297Z","أحمر","أحمر","أخضر","أحمر","أحمر","أحمر","أحمر","70 - 80","55 - 65","70 - 80","70 - 80"
"45 - 55","35 - 45","25 - 35","2026-02-25T16:03:21.926Z","أحمر","أحمر","أخضر","أحمر","أحمر","أحمر","أحمر","70 - 80","55 - 65","70 - 80","70 - 80"
"45 - 55","35 - 45","25 - 35","2026-02-25T16:08:22.383Z","أحمر","أحمر","أخضر","أحمر","أحمر","أحمر","أحمر","70 - 80","55 - 65","70 - 80","70 - 80"
"45 - 55","35 - 45","25 - 35","2026-02-25T16:13:22.302Z","أحمر","أحمر","أخضر","أحمر","أحمر","أحمر","أحمر","70 - 80","55 - 65","70 - 80","70 - 80"
"45 - 55","35 - 45","25 - 35","2026-02-25T16:18:23.119Z","أحمر","أحمر","أخضر","أحمر","أحمر","أحمر","أحمر","70 - 80","55 - 65","70 - 80","70 - 80"
"45 - 55","35 - 45","25 - 35","2026-02-25T16:23:22.558Z","أحمر","أحمر","أخضر","أحمر","أحمر","أحمر","أحمر","70 - 80","55 - 65","70 - 80","70 - 80"
"45 - 55","35 - 45","25 - 35","2026-02-25T16:28:22.409Z","أحمر","أحمر","أخضر","أحمر","أحمر","أحمر","أحمر","70 - 80","55 - 65","70 - 80","70 - 80"
"45 - 55","35 - 45","25 - 35","2026-02-25T16:33:22.058Z","أحمر","أحمر","أخضر","أحمر","أحمر","أحمر","أحمر","70 - 80","55 - 65","70 - 80","70 - 80"
"45 - 55","35 - 45","25 - 35","2026-02-25T16:38:22.974Z","أحمر","أحمر","أخضر","أحمر","أحمر","أحمر","أحمر","70 - 80","55 - 65","70 - 80","70 - 80"
"45 - 55","35 - 45","25 - 35","2026-02-25T16:43:22.577Z","أحمر","أحمر","أخضر","أحمر","أحمر","أحمر","أحمر","70 - 80","55 - 65","70 - 80","70 - 80"
"45 - 55","35 - 45","25 - 35","2026-02-25T16:48:22.037Z","أحمر","أحمر","أخضر","أحمر","أحمر","أحمر","أحمر","70 - 80","55 - 65","70 - 80","70 - 80"
"45 - 55","35 - 45","25 - 35","2026-02-25T16:53:21.783Z","أحمر","أحمر","أخضر","أحمر","أحمر","أحمر","أحمر","70 - 80","55 - 65","70 - 80","70 - 80"
"45 - 55","35 - 45","25 - 35","2026-02-25T16:58:22.491Z","أحمر","أحمر","أخضر","أحمر","أحمر","أحمر","أحمر","70 - 80","55 - 65","70 - 80","70 - 80"
"45 - 55","35 - 45","25 - 35","2026-02-25T17:03:22.325Z","أحمر","أحمر","أخضر","أحمر","أحمر","أحمر","أحمر","70 - 80","55 - 65","70 - 80","70 - 80"
"45 - 55","35 - 45","25 - 35","2026-02-25T17:08:22.052Z","أحمر","أحمر","أخضر","أحمر","أحمر","أحمر","أحمر","70 - 80","55 - 65","70 - 80","70 - 80"
"45 - 55","35 - 45","25 - 35","2026-02-25T17:13:22.292Z","أحمر","أحمر","أخضر","أحمر","أحمر","أحمر","أحمر","70 - 80","55 - 65","70 - 80","70 - 80"
"45 - 55","35 - 45","25 - 35","2026-02-25T17:18:21.975Z","أحمر","أحمر","أخضر","أحمر","أحمر","أحمر","أحمر","70 - 80","55 - 65","70 - 80","70 - 80"
"45 - 55","35 - 45","25 - 35","2026-02-25T17:23:21.844Z","أحمر","أحمر","أخضر","أحمر","أحمر","أحمر","أحمر","70 - 80","55 - 65","70 - 80","70 - 80"
"45 - 55","35 - 45","25 - 35","2026-02-25T17:28:22.068Z","أحمر","أحمر","أخضر","أحمر","أحمر","أحمر","أحمر","70 - 80","55 - 65","70 - 80","70 - 80"
"45 - 55","35 - 45","25 - 35","2026-02-25T17:33:22.283Z","أحمر","أحمر","أخضر","أحمر","أحمر","أحمر","أحمر","70 - 80","55 - 65","70 - 80","70 - 80"
"45 - 55","35 - 45","25 - 35","2026-02-25T17:38:21.983Z","أحمر","أحمر","أخضر","أحمر","أحمر","أحمر","أحمر","70 - 80","55 - 65","70 - 80","70 - 80"
"45 - 55","35 - 45","25 - 35","2026-02-25T17:43:22.061Z","أحمر","أحمر","أخضر","أحمر","أحمر","أحمر","أحمر","70 - 80","55 - 65","70 - 80","70 - 80"
"45 - 55","35 - 45","25 - 35","2026-02-25T17:48:22.384Z","أحمر","أحمر","أخضر","أحمر","أحمر","أحمر","أحمر","70 - 80","55 - 65","70 - 80","70 - 80"
"45 - 55","35 - 45","25 - 35","2026-02-25T17:53:21.927Z","أحمر","أحمر","أخضر","أحمر","أحمر","أحمر","أحمر","70 - 80","55 - 65","70 - 80","70 - 80"
"45 - 55","35 - 45","25 - 35","2026-02-25T17:58:22.232Z","أحمر","أحمر","أخضر","أحمر","أحمر","أحمر","أحمر","70 - 80","55 - 65","70 - 80","70 - 80"
"45 - 55","35 - 45","25 - 35","2026-02-25T18:03:22.334Z","أحمر","أحمر","أخضر","أحمر","أحمر","أحمر","أحمر","70 - 80","55 - 65","70 - 80","70 - 80"
"45 - 55","35 - 45","25 - 35","2026-02-25T18:08:22.102Z","أحمر","أحمر","أخضر","أحمر","أحمر","أحمر","أحمر","70 - 80","55 - 65","70 - 80","70 - 80"
"45 - 55","35 - 45","25 - 35","2026-02-25T18:13:23.028Z","أحمر","أحمر","أخضر","أحمر","أحمر","أحمر","أحمر","70 - 80","55 - 65","70 - 80","70 - 80"
"45 - 55","35 - 45","25 - 35","2026-02-25T18:18:21.995Z","أحمر","أحمر","أخضر","أحمر","أحمر","أحمر","أحمر","70 - 80","55 - 65","70 - 80","70 - 80"
"45 - 55","35 - 45","25 - 35","2026-02-25T18:23:21.746Z","أحمر","أحمر","أخضر","أحمر","أحمر","أخضر","أحمر","70 - 80","55 - 65","50 - 60","70 - 80"
"45 - 55","35 - 45","25 - 35","2026-02-25T18:28:22.668Z","أحمر","أحمر","أخضر","أحمر","أحمر","أخضر","أحمر","70 - 80","55 - 65","50 - 60","70 - 80"
"45 - 55","35 - 45","25 - 35","2026-02-25T18:33:21.796Z","أحمر","أحمر","أخضر","أحمر","أحمر","أخضر","أحمر","70 - 80","55 - 65","50 - 60","70 - 80"
"45 - 55","35 - 45","25 - 35","2026-02-25T18:38:21.751Z","أحمر","أحمر","أخضر","أحمر","أحمر","أخضر","أحمر","70 - 80","55 - 65","50 - 60","70 - 80"
"45 - 55","35 - 45","25 - 35","2026-02-25T18:43:22.386Z","أحمر","أحمر","أخضر","أحمر","أحمر","أخضر","أحمر","70 - 80","55 - 65","50 - 60","70 - 80"
"45 - 55","35 - 45","25 - 35","2026-02-25T18:48:21.862Z","أحمر","أحمر","أخضر","أحمر","أحمر","أخضر","أحمر","70 - 80","55 - 65","50 - 60","70 - 80"
"45 - 55","35 - 45","25 - 35","2026-02-25T18:53:21.821Z","أحمر","أحمر","أخضر","أحمر","أحمر","أخضر","أحمر","70 - 80","55 - 65","50 - 60","70 - 80"
"45 - 55","35 - 45","25 - 35","2026-02-25T18:58:22.292Z","أحمر","أحمر","أخضر","أحمر","أحمر","أخضر","أحمر","70 - 80","55 - 65","50 - 60","70 - 80"
"45 - 55","35 - 45","25 - 35","2026-02-25T19:03:21.927Z","أحمر","أحمر","أخضر","أحمر","أحمر","أخضر","أحمر","70 - 80","55 - 65","50 - 60","70 - 80"
"45 - 55","35 - 45","25 - 35","2026-02-25T19:08:21.760Z","أحمر","أحمر","أخضر","أخضر","أحمر","أخضر","أحمر","50 - 60","55 - 65","50 - 60","70 - 80"
"45 - 55","35 - 45","25 - 35","2026-02-25T19:13:22.781Z","أحمر","أحمر","أخضر","أخضر","أحمر","أخضر","أحمر","50 - 60","55 - 65","50 - 60","70 - 80"
"45 - 55","35 - 45","25 - 35","2026-02-25T19:18:21.756Z","أحمر","أحمر","أخضر","أخضر","أحمر","أخضر","أحمر","50 - 60","55 - 65","50 - 60","70 - 80"
"45 - 55","35 - 45","25 - 35","2026-02-25T19:23:21.786Z","أحمر","أحمر","أخضر","أخضر","أحمر","أخضر","أحمر","50 - 60","55 - 65","50 - 60","70 - 80"
"45 - 55","35 - 45","25 - 35","2026-02-25T19:28:22.325Z","أحمر","أحمر","أخضر","أخضر","أحمر","أخضر","أحمر","50 - 60","55 - 65","50 - 60","70 - 80"
"45 - 55","35 - 45","25 - 35","2026-02-25T19:33:21.812Z","أحمر","أحمر","أخضر","أخضر","أحمر","أخضر","أحمر","50 - 60","55 - 65","50 - 60","70 - 80"
"45 - 55","35 - 45","25 - 35","2026-02-25T19:38:22.194Z","أحمر","أحمر","أخضر","أخضر","أحمر","أخضر","أحمر","50 - 60","55 - 65","50 - 60","70 - 80"
"45 - 55","35 - 45","25 - 35","2026-02-25T19:43:22.382Z","أحمر","أحمر","أخضر","أخضر","أحمر","أخضر","أحمر","50 - 60","55 - 65","50 - 60","70 - 80"
"45 - 55","35 - 45","25 - 35","2026-02-25T19:48:21.831Z","أحمر","أحمر","أخضر","أخضر","أحمر","أخضر","أحمر","50 - 60","55 - 65","50 - 60","70 - 80"
"45 - 55","35 - 45","25 - 35","2026-02-25T19:53:21.911Z","أحمر","أحمر","أخضر","أخضر","أحمر","أخضر","أحمر","50 - 60","55 - 65","50 - 60","70 - 80"
"45 - 55","35 - 45","25 - 35","2026-02-25T19:58:22.279Z","أحمر","أحمر","أخضر","أخضر","أحمر","أخضر","أحمر","50 - 60","55 - 65","50 - 60","70 - 80"
"55 - 65","35 - 45","25 - 35","2026-02-25T20:03:21.804Z","أحمر","أحمر","أخضر","أخضر","أحمر","أخضر","أخضر","50 - 60","55 - 65","50 - 60","50 - 60"
"55 - 65","35 - 45","25 - 35","2026-02-25T20:08:22.164Z","أحمر","أحمر","أخضر","أخضر","أحمر","أخضر","أخضر","50 - 60","55 - 65","50 - 60","50 - 60"
"55 - 65","35 - 45","25 - 35","2026-02-25T20:13:22.152Z","أحمر","أحمر","أخضر","أخضر","أحمر","أخضر","أخضر","50 - 60","55 - 65","50 - 60","50 - 60"
"55 - 65","35 - 45","25 - 35","2026-02-25T20:18:21.784Z","أحمر","أحمر","أخضر","أخضر","أحمر","أخضر","أخضر","50 - 60","55 - 65","50 - 60","50 - 60"
"55 - 65","35 - 45","25 - 35","2026-02-25T20:23:21.808Z","أحمر","أحمر","أخضر","أخضر","أحمر","أخضر","أخضر","50 - 60","55 - 65","50 - 60","50 - 60"
"55 - 65","35 - 45","25 - 35","2026-02-25T20:28:22.478Z","أحمر","أحمر","أخضر","أخضر","أحمر","أخضر","أخضر","50 - 60","55 - 65","50 - 60","50 - 60"
"55 - 65","35 - 45","25 - 35","2026-02-25T20:33:21.966Z","أحمر","أحمر","أخضر","أخضر","أحمر","أخضر","أخضر","50 - 60","55 - 65","50 - 60","50 - 60"
"55 - 65","35 - 45","25 - 35","2026-02-25T20:38:22.042Z","أحمر","أحمر","أخضر","أخضر","أحمر","أخضر","أخضر","50 - 60","55 - 65","50 - 60","50 - 60"
"55 - 65","35 - 45","25 - 35","2026-02-25T20:43:22.194Z","أحمر","أحمر","أخضر","أخضر","أحمر","أخضر","أخضر","50 - 60","55 - 65","50 - 60","50 - 60"
"55 - 65","35 - 45","25 - 35","2026-02-25T20:48:21.795Z","أحمر","أحمر","أخضر","أخضر","أحمر","أخضر","أخضر","50 - 60","55 - 65","50 - 60","50 - 60"
"55 - 65","35 - 45","25 - 35","2026-02-25T20:53:21.808Z","أحمر","أحمر","أخضر","أخضر","أحمر","أخضر","أخضر","50 - 60","55 - 65","50 - 60","50 - 60"
"55 - 65","35 - 45","25 - 35","2026-02-25T20:58:22.439Z","أحمر","أحمر","أخضر","أخضر","أحمر","أخضر","أخضر","50 - 60","55 - 65","50 - 60","50 - 60"
"55 - 65","35 - 45","25 - 35","2026-02-25T21:03:22.247Z","أحمر","أحمر","أخضر","أخضر","أحمر","أخضر","أخضر","50 - 60","55 - 65","50 - 60","50 - 60"
"55 - 65","35 - 45","25 - 35","2026-02-25T21:08:22.022Z","أحمر","أحمر","أخضر","أخضر","أحمر","أخضر","أخضر","50 - 60","55 - 65","50 - 60","50 - 60"
"55 - 65","35 - 45","25 - 35","2026-02-25T21:13:22.844Z","أحمر","أحمر","أخضر","أخضر","أحمر","أخضر","أخضر","50 - 60","55 - 65","50 - 60","50 - 60"
"55 - 65","35 - 45","25 - 35","2026-02-25T21:18:21.800Z","أحمر","أحمر","أخضر","أخضر","أحمر","أخضر","أخضر","50 - 60","55 - 65","50 - 60","50 - 60"
"55 - 65","35 - 45","25 - 35","2026-02-25T21:23:21.781Z","أحمر","أحمر","أخضر","أخضر","أحمر","أخضر","أخضر","50 - 60","55 - 65","50 - 60","50 - 60"
"55 - 65","35 - 45","25 - 35","2026-02-25T21:28:22.693Z","أحمر","أحمر","أخضر","أخضر","أحمر","أخضر","أخضر","50 - 60","55 - 65","50 - 60","50 - 60"
"55 - 65","35 - 45","25 - 35","2026-02-25T21:33:21.926Z","أحمر","أحمر","أخضر","أخضر","أحمر","أخضر","أخضر","50 - 60","55 - 65","50 - 60","50 - 60"
"55 - 65","35 - 45","25 - 35","2026-02-25T21:38:22.066Z","أحمر","أحمر","أخضر","أخضر","أحمر","أخضر","أخضر","50 - 60","55 - 65","50 - 60","50 - 60"
"55 - 65","35 - 45","25 - 35","2026-02-25T21:43:22.967Z","أحمر","أحمر","أخضر","أخضر","أحمر","أخضر","أخضر","50 - 60","55 - 65","50 - 60","50 - 60"
"55 - 65","35 - 45","25 - 35","2026-02-25T21:48:24.035Z","أحمر","أحمر","أخضر","أخضر","أحمر","أخضر","أخضر","50 - 60","55 - 65","50 - 60","50 - 60"
"55 - 65","35 - 45","25 - 35","2026-02-25T21:53:21.825Z","أحمر","أحمر","أخضر","أخضر","أحمر","أخضر","أخضر","50 - 60","55 - 65","50 - 60","50 - 60"
"55 - 65","35 - 45","25 - 35","2026-02-25T21:58:22.625Z","أحمر","أحمر","أخضر","أخضر","أحمر","أخضر","أخضر","50 - 60","55 - 65","50 - 60","50 - 60"
"55 - 65","35 - 45","25 - 35","2026-02-25T22:03:21.752Z","أحمر","أحمر","أخضر","أخضر","أحمر","أخضر","أخضر","50 - 60","55 - 65","50 - 60","50 - 60"
"55 - 65","35 - 45","25 - 35","2026-02-25T22:08:22.109Z","أحمر","أحمر","أخضر","أخضر","أحمر","أخضر","أخضر","50 - 60","55 - 65","50 - 60","50 - 60"
"55 - 65","35 - 45","25 - 35","2026-02-25T22:13:22.236Z","أحمر","أحمر","أخضر","أخضر","أحمر","أخضر","أخضر","50 - 60","55 - 65","50 - 60","50 - 60"
"55 - 65","35 - 45","25 - 35","2026-02-25T22:18:21.855Z","أحمر","أحمر","أخضر","أخضر","أحمر","أخضر","أخضر","50 - 60","55 - 65","50 - 60","50 - 60"
"55 - 65","35 - 45","25 - 35","2026-02-25T22:23:21.809Z","أحمر","أحمر","أخضر","أخضر","أحمر","أخضر","أخضر","50 - 60","55 - 65","50 - 60","50 - 60"
"55 - 65","35 - 45","25 - 35","2026-02-25T22:28:22.779Z","أحمر","أحمر","أخضر","أخضر","أحمر","أخضر","أخضر","50 - 60","55 - 65","50 - 60","50 - 60"
"55 - 65","35 - 45","25 - 35","2026-02-25T22:33:21.801Z","أحمر","أحمر","أخضر","أخضر","أحمر","أخضر","أخضر","50 - 60","55 - 65","50 - 60","50 - 60"
"55 - 65","35 - 45","25 - 35","2026-02-25T22:38:22.175Z","أحمر","أحمر","أخضر","أخضر","أحمر","أخضر","أخضر","50 - 60","55 - 65","50 - 60","50 - 60"
"55 - 65","35 - 45","25 - 35","2026-02-25T22:43:22.323Z","أحمر","أحمر","أخضر","أخضر","أحمر","أخضر","أخضر","50 - 60","55 - 65","50 - 60","50 - 60"
"55 - 65","35 - 45","25 - 35","2026-02-25T22:48:21.836Z","أحمر","أحمر","أخضر","أخضر","أحمر","أخضر","أخضر","50 - 60","55 - 65","50 - 60","50 - 60"
"55 - 65","35 - 45","25 - 35","2026-02-25T22:53:22.009Z","أحمر","أحمر","أخضر","أخضر","أحمر","أخضر","أخضر","50 - 60","55 - 65","50 - 60","50 - 60"
"55 - 65","35 - 45","25 - 35","2026-02-25T22:58:22.609Z","أحمر","أحمر","أخضر","أخضر","أحمر","أخضر","أخضر","50 - 60","55 - 65","50 - 60","50 - 60"
"55 - 65","35 - 45","25 - 35","2026-02-25T23:03:22.024Z","أحمر","أحمر","أخضر","أخضر","أحمر","أخضر","أخضر","50 - 60","55 - 65","50 - 60","50 - 60"
"55 - 65","25 - 35","25 - 35","2026-02-25T23:08:21.826Z","أحمر","أخضر","أخضر","أخضر","أحمر","أخضر","أخضر","50 - 60","55 - 65","50 - 60","50 - 60"
"55 - 65","25 - 35","25 - 35","2026-02-25T23:13:40.772Z","أحمر","أخضر","أخضر","أخضر","أحمر","أخضر","أخضر","50 - 60","55 - 65","50 - 60","50 - 60"
"55 - 65","25 - 35","25 - 35","2026-02-25T23:18:40.765Z","أحمر","أخضر","أخضر","أخضر","أحمر","أخضر","أخضر","50 - 60","55 - 65","50 - 60","50 - 60"
"55 - 65","25 - 35","25 - 35","2026-02-25T23:23:40.715Z","أحمر","أخضر","أخضر","أخضر","أحمر","أخضر","أخضر","50 - 60","55 - 65","50 - 60","50 - 60"
"55 - 65","25 - 35","25 - 35","2026-02-25T23:28:40.732Z","أحمر","أخضر","أخضر","أخضر","أحمر","أخضر","أخضر","50 - 60","55 - 65","50 - 60","50 - 60"
"55 - 65","25 - 35","25 - 35","2026-02-25T23:33:40.743Z","أحمر","أخضر","أخضر","أخضر","أحمر","أخضر","أخضر","50 - 60","55 - 65","50 - 60","50 - 60"
"55 - 65","25 - 35","25 - 35","2026-02-25T23:38:40.666Z","أحمر","أخضر","أخضر","أخضر","أحمر","أخضر","أخضر","50 - 60","55 - 65","50 - 60","50 - 60"
"55 - 65","25 - 35","25 - 35","2026-02-25T23:43:40.798Z","أحمر","أخضر","أخضر","أخضر","أحمر","أخضر","أخضر","50 - 60","55 - 65","50 - 60","50 - 60"
"55 - 65","25 - 35","25 - 35","2026-02-25T23:48:40.668Z","أحمر","أخضر","أخضر","أخضر","أحمر","أخضر","أخضر","50 - 60","55 - 65","50 - 60","50 - 60"
"55 - 65","25 - 35","25 - 35","2026-02-25T23:53:40.772Z","أحمر","أخضر","أخضر","أخضر","أحمر","أخضر","أخضر","50 - 60","55 - 65","50 - 60","50 - 60"
"55 - 65","25 - 35","25 - 35","2026-02-25T23:58:40.774Z","أحمر","أخضر","أخضر","أخضر","أحمر","أخضر","أخضر","50 - 60","55 - 65","50 - 60","50 - 60"
"55 - 65","25 - 35","25 - 35","2026-02-26T00:03:40.732Z","أحمر","أخضر","أخضر","أخضر","أحمر","أخضر","أخضر","50 - 60","55 - 65","50 - 60","50 - 60"
"55 - 65","25 - 35","25 - 35","2026-02-26T00:08:21.920Z","أحمر","أخضر","أخضر","أخضر","أحمر","أخضر","أخضر","50 - 60","55 - 65","50 - 60","50 - 60"
"55 - 65","35 - 45","35 - 45","2026-02-26T00:13:40.755Z","أحمر","أحمر","أحمر","أخضر","أحمر","أخضر","أخضر","50 - 60","40 - 50","50 - 60","50 - 60"
"55 - 65","35 - 45","35 - 45","2026-02-26T00:18:40.714Z","أحمر","أحمر","أحمر","أخضر","أحمر","أخضر","أخضر","50 - 60","40 - 50","50 - 60","50 - 60"
"55 - 65","35 - 45","35 - 45","2026-02-26T00:23:40.705Z","أحمر","أحمر","أحمر","أخضر","أحمر","أخضر","أخضر","50 - 60","40 - 50","50 - 60","50 - 60"
"55 - 65","35 - 45","35 - 45","2026-02-26T00:28:40.757Z","أحمر","أحمر","أحمر","أخضر","أحمر","أخضر","أخضر","50 - 60","40 - 50","50 - 60","50 - 60"
"55 - 65","35 - 45","35 - 45","2026-02-26T00:33:40.754Z","أحمر","أحمر","أحمر","أخضر","أحمر","أخضر","أخضر","50 - 60","40 - 50","50 - 60","50 - 60"
"55 - 65","35 - 45","35 - 45","2026-02-26T00:38:40.703Z","أحمر","أحمر","أحمر","أخضر","أحمر","أخضر","أخضر","50 - 60","40 - 50","50 - 60","50 - 60"
"55 - 65","35 - 45","35 - 45","2026-02-26T00:43:40.770Z","أحمر","أحمر","أحمر","أخضر","أحمر","أخضر","أخضر","50 - 60","40 - 50","50 - 60","50 - 60"
"55 - 65","35 - 45","35 - 45","2026-02-26T00:48:40.700Z","أحمر","أحمر","أحمر","أخضر","أحمر","أخضر","أخضر","50 - 60","40 - 50","50 - 60","50 - 60"
"55 - 65","35 - 45","35 - 45","2026-02-26T00:53:40.755Z","أحمر","أحمر","أحمر","أخضر","أحمر","أخضر","أخضر","50 - 60","40 - 50","50 - 60","50 - 60"
"55 - 65","35 - 45","35 - 45","2026-02-26T00:58:40.758Z","أحمر","أحمر","أحمر","أخضر","أحمر","أخضر","أخضر","50 - 60","40 - 50","50 - 60","50 - 60"
"55 - 65","35 - 45","35 - 45","2026-02-26T01:03:40.750Z","أحمر","أحمر","أحمر","أخضر","أحمر","أخضر","أخضر","50 - 60","40 - 50","50 - 60","50 - 60"
"55 - 65","35 - 45","35 - 45","2026-02-26T01:08:22.024Z","أحمر","أحمر","أحمر","أخضر","أحمر","أخضر","أخضر","50 - 60","40 - 50","50 - 60","50 - 60"
"55 - 65","35 - 45","35 - 45","2026-02-26T01:13:21.804Z","أحمر","أحمر","أحمر","أخضر","أحمر","أخضر","أخضر","50 - 60","40 - 50","50 - 60","50 - 60"
"55 - 65","35 - 45","35 - 45","2026-02-26T01:18:22.260Z","أحمر","أحمر","أحمر","أخضر","أحمر","أخضر","أخضر","50 - 60","40 - 50","50 - 60","50 - 60"
"55 - 65","35 - 45","35 - 45","2026-02-26T01:23:21.837Z","أحمر","أحمر","أحمر","أخضر","أحمر","أخضر","أخضر","50 - 60","40 - 50","50 - 60","50 - 60"
"55 - 65","35 - 45","35 - 45","2026-02-26T01:28:21.889Z","أحمر","أحمر","أحمر","أخضر","أحمر","أخضر","أخضر","50 - 60","40 - 50","50 - 60","50 - 60"
"55 - 65","35 - 45","35 - 45","2026-02-26T01:33:22.273Z","أحمر","أحمر","أحمر","أخضر","أحمر","أخضر","أخضر","50 - 60","40 - 50","50 - 60","50 - 60"
"55 - 65","35 - 45","35 - 45","2026-02-26T01:38:21.759Z","أحمر","أحمر","أحمر","أخضر","أحمر","أخضر","أخضر","50 - 60","40 - 50","50 - 60","50 - 60"
"55 - 65","35 - 45","35 - 45","2026-02-26T01:40:34.801Z","أحمر","أحمر","أحمر","أخضر","أحمر","أخضر","أخضر","50 - 60","40 - 50","50 - 60","50 - 60"
"55 - 65","35 - 45","35 - 45","2026-02-26T01:43:21.804Z","أحمر","أحمر","أحمر","أخضر","أحمر","أخضر","أخضر","50 - 60","40 - 50","50 - 60","50 - 60"
"55 - 65","35 - 45","35 - 45","2026-02-26T01:48:22.503Z","أحمر","أحمر","أحمر","أخضر","أحمر","أخضر","أخضر","50 - 60","40 - 50","50 - 60","50 - 60"
"55 - 65","35 - 45","35 - 45","2026-02-26T01:53:21.617Z","أحمر","أحمر","أحمر","أخضر","أحمر","أخضر","أخضر","50 - 60","40 - 50","50 - 60","50 - 60"
"55 - 65","35 - 45","35 - 45","2026-02-26T01:58:21.746Z","أحمر","أحمر","أحمر","أخضر","أحمر","أخضر","أخضر","50 - 60","40 - 50","50 - 60","50 - 60"
"55 - 65","35 - 45","35 - 45","2026-02-26T02:03:22.428Z","أحمر","أحمر","أحمر","أخضر","أحمر","أخضر","أخضر","50 - 60","40 - 50","50 - 60","50 - 60"
"55 - 65","35 - 45","25 - 35","2026-02-26T02:08:22.382Z","أحمر","أحمر","أخضر","أخضر","أحمر","أخضر","أحمر","50 - 60","40 - 50","50 - 60","70 - 80"
"55 - 65","35 - 45","25 - 35","2026-02-26T02:13:22.005Z","أحمر","أحمر","أخضر","أخضر","أحمر","أخضر","أحمر","50 - 60","40 - 50","50 - 60","70 - 80"
"55 - 65","35 - 45","25 - 35","2026-02-26T02:18:22.275Z","أحمر","أحمر","أخضر","أخضر","أحمر","أخضر","أحمر","50 - 60","40 - 50","50 - 60","70 - 80"
"55 - 65","35 - 45","25 - 35","2026-02-26T02:23:21.908Z","أحمر","أحمر","أخضر","أخضر","أحمر","أخضر","أحمر","50 - 60","40 - 50","50 - 60","70 - 80"
"55 - 65","35 - 45","25 - 35","2026-02-26T02:28:21.790Z","أحمر","أحمر","أخضر","أخضر","أحمر","أخضر","أحمر","50 - 60","40 - 50","50 - 60","70 - 80"
"55 - 65","35 - 45","25 - 35","2026-02-26T02:33:22.304Z","أحمر","أحمر","أخضر","أخضر","أحمر","أخضر","أحمر","50 - 60","40 - 50","50 - 60","70 - 80"
"55 - 65","35 - 45","25 - 35","2026-02-26T02:38:21.944Z","أحمر","أحمر","أخضر","أخضر","أحمر","أخضر","أحمر","50 - 60","40 - 50","50 - 60","70 - 80"
"55 - 65","35 - 45","25 - 35","2026-02-26T02:43:21.691Z","أحمر","أحمر","أخضر","أخضر","أحمر","أخضر","أحمر","50 - 60","40 - 50","50 - 60","70 - 80"
"55 - 65","35 - 45","25 - 35","2026-02-26T02:48:22.335Z","أحمر","أحمر","أخضر","أخضر","أحمر","أخضر","أحمر","50 - 60","40 - 50","50 - 60","70 - 80"
"55 - 65","35 - 45","25 - 35","2026-02-26T02:53:21.743Z","أحمر","أحمر","أخضر","أخضر","أحمر","أخضر","أحمر","50 - 60","40 - 50","50 - 60","70 - 80"
"55 - 65","35 - 45","25 - 35","2026-02-26T02:58:21.758Z","أحمر","أحمر","أخضر","أخضر","أحمر","أخضر","أحمر","50 - 60","40 - 50","50 - 60","70 - 80"
"55 - 65","35 - 45","25 - 35","2026-02-26T03:03:22.015Z","أحمر","أحمر","أخضر","أخضر","أحمر","أخضر","أحمر","50 - 60","40 - 50","50 - 60","70 - 80"
"55 - 65","35 - 45","25 - 35","2026-02-26T03:08:21.978Z","أحمر","أحمر","أخضر","أخضر","أحمر","أخضر","أحمر","50 - 60","40 - 50","50 - 60","70 - 80"
"55 - 65","35 - 45","25 - 35","2026-02-26T03:13:21.711Z","أحمر","أحمر","أخضر","أخضر","أحمر","أخضر","أحمر","50 - 60","40 - 50","50 - 60","70 - 80"
"55 - 65","35 - 45","35 - 45","2026-02-26T03:18:22.581Z","أحمر","أحمر","أحمر","أخضر","أحمر","أحمر","أحمر","50 - 60","40 - 50","70 - 80","70 - 80"
"55 - 65","35 - 45","35 - 45","2026-02-26T03:23:21.753Z","أحمر","أحمر","أحمر","أخضر","أحمر","أحمر","أحمر","50 - 60","40 - 50","70 - 80","70 - 80"
"55 - 65","35 - 45","35 - 45","2026-02-26T03:28:21.693Z","أحمر","أحمر","أحمر","أخضر","أحمر","أحمر","أحمر","50 - 60","40 - 50","70 - 80","70 - 80"
"55 - 65","35 - 45","35 - 45","2026-02-26T03:33:22.313Z","أحمر","أحمر","أحمر","أخضر","أحمر","أحمر","أحمر","50 - 60","40 - 50","70 - 80","70 - 80"
"55 - 65","35 - 45","35 - 45","2026-02-26T03:38:21.863Z","أحمر","أحمر","أحمر","أخضر","أحمر","أحمر","أحمر","50 - 60","40 - 50","70 - 80","70 - 80"
"55 - 65","35 - 45","35 - 45","2026-02-26T03:43:21.734Z","أحمر","أحمر","أحمر","أخضر","أحمر","أحمر","أحمر","50 - 60","40 - 50","70 - 80","70 - 80"
"55 - 65","35 - 45","35 - 45","2026-02-26T03:48:22.251Z","أحمر","أحمر","أحمر","أخضر","أحمر","أحمر","أحمر","50 - 60","40 - 50","70 - 80","70 - 80"
"55 - 65","35 - 45","35 - 45","2026-02-26T03:53:21.788Z","أحمر","أحمر","أحمر","أخضر","أحمر","أحمر","أحمر","50 - 60","40 - 50","70 - 80","70 - 80"
"55 - 65","35 - 45","35 - 45","2026-02-26T03:58:21.697Z","أحمر","أحمر","أحمر","أخضر","أحمر","أحمر","أحمر","50 - 60","40 - 50","70 - 80","70 - 80"
"55 - 65","35 - 45","35 - 45","2026-02-26T04:03:22.222Z","أحمر","أحمر","أحمر","أخضر","أحمر","أحمر","أحمر","50 - 60","40 - 50","70 - 80","70 - 80"
"55 - 65","35 - 45","35 - 45","2026-02-26T04:08:21.859Z","أحمر","أحمر","أحمر","أخضر","أحمر","أحمر","أحمر","50 - 60","40 - 50","70 - 80","70 - 80"
"55 - 65","35 - 45","35 - 45","2026-02-26T04:13:21.726Z","أحمر","أحمر","أحمر","أخضر","أحمر","أحمر","أحمر","50 - 60","40 - 50","70 - 80","70 - 80"
"55 - 65","35 - 45","35 - 45","2026-02-26T04:18:22.255Z","أحمر","أحمر","أحمر","أخضر","أحمر","أحمر","أحمر","50 - 60","40 - 50","70 - 80","70 - 80"
"55 - 65","35 - 45","35 - 45","2026-02-26T04:23:21.744Z","أحمر","أحمر","أحمر","أخضر","أحمر","أحمر","أحمر","50 - 60","40 - 50","70 - 80","70 - 80"
"55 - 65","35 - 45","35 - 45","2026-02-26T04:28:21.812Z","أحمر","أحمر","أحمر","أخضر","أحمر","أحمر","أحمر","50 - 60","40 - 50","70 - 80","70 - 80"
"55 - 65","35 - 45","35 - 45","2026-02-26T04:33:22.393Z","أحمر","أحمر","أحمر","أخضر","أحمر","أحمر","أحمر","50 - 60","40 - 50","70 - 80","70 - 80"
"55 - 65","35 - 45","35 - 45","2026-02-26T04:38:21.803Z","أحمر","أحمر","أحمر","أخضر","أحمر","أحمر","أحمر","50 - 60","40 - 50","70 - 80","70 - 80"
"55 - 65","35 - 45","35 - 45","2026-02-26T04:43:21.714Z","أحمر","أحمر","أحمر","أخضر","أحمر","أحمر","أحمر","50 - 60","40 - 50","70 - 80","70 - 80"
"55 - 65","35 - 45","35 - 45","2026-02-26T04:48:22.387Z","أحمر","أحمر","أحمر","أخضر","أحمر","أحمر","أحمر","50 - 60","40 - 50","70 - 80","70 - 80"
"55 - 65","35 - 45","35 - 45","2026-02-26T04:53:21.784Z","أحمر","أحمر","أحمر","أخضر","أحمر","أحمر","أحمر","50 - 60","40 - 50","70 - 80","70 - 80"
"55 - 65","35 - 45","35 - 45","2026-02-26T04:58:21.688Z","أحمر","أحمر","أحمر","أخضر","أحمر","أحمر","أحمر","50 - 60","40 - 50","70 - 80","70 - 80"
"55 - 65","35 - 45","35 - 45","2026-02-26T05:03:22.230Z","أحمر","أحمر","أحمر","أخضر","أحمر","أحمر","أحمر","50 - 60","40 - 50","70 - 80","70 - 80"
"55 - 65","35 - 45","35 - 45","2026-02-26T05:08:21.783Z","أحمر","أحمر","أحمر","أخضر","أحمر","أحمر","أحمر","50 - 60","40 - 50","70 - 80","70 - 80"
"55 - 65","35 - 45","35 - 45","2026-02-26T05:13:21.799Z","أحمر","أحمر","أحمر","أخضر","أحمر","أحمر","أحمر","50 - 60","40 - 50","70 - 80","70 - 80"
"55 - 65","35 - 45","35 - 45","2026-02-26T05:18:22.226Z","أحمر","أحمر","أحمر","أخضر","أحمر","أحمر","أحمر","50 - 60","40 - 50","70 - 80","70 - 80"
"55 - 65","35 - 45","35 - 45","2026-02-26T05:23:21.741Z","أحمر","أحمر","أحمر","أخضر","أحمر","أحمر","أحمر","50 - 60","40 - 50","70 - 80","70 - 80"
"55 - 65","35 - 45","35 - 45","2026-02-26T05:28:21.692Z","أحمر","أحمر","أحمر","أخضر","أحمر","أحمر","أحمر","50 - 60","40 - 50","70 - 80","70 - 80"
"55 - 65","35 - 45","35 - 45","2026-02-26T05:33:22.321Z","أحمر","أحمر","أحمر","أخضر","أحمر","أحمر","أحمر","50 - 60","40 - 50","70 - 80","70 - 80"
"55 - 65","35 - 45","35 - 45","2026-02-26T05:38:21.783Z","أحمر","أحمر","أحمر","أخضر","أحمر","أحمر","أحمر","50 - 60","40 - 50","70 - 80","70 - 80"
"55 - 65","35 - 45","35 - 45","2026-02-26T05:43:21.742Z","أحمر","أحمر","أحمر","أخضر","أحمر","أحمر","أحمر","50 - 60","40 - 50","70 - 80","70 - 80"
"55 - 65","35 - 45","35 - 45","2026-02-26T05:48:22.224Z","أحمر","أحمر","أحمر","أخضر","أحمر","أحمر","أحمر","50 - 60","40 - 50","70 - 80","70 - 80"
"55 - 65","35 - 45","35 - 45","2026-02-26T05:53:21.741Z","أحمر","أحمر","أحمر","أخضر","أحمر","أحمر","أحمر","50 - 60","40 - 50","70 - 80","70 - 80"
"55 - 65","35 - 45","35 - 45","2026-02-26T05:58:21.657Z","أحمر","أحمر","أحمر","أخضر","أحمر","أحمر","أحمر","50 - 60","40 - 50","70 - 80","70 - 80"
"55 - 65","35 - 45","35 - 45","2026-02-26T06:03:22.551Z","أحمر","أحمر","أحمر","أخضر","أحمر","أحمر","أحمر","50 - 60","40 - 50","70 - 80","70 - 80"
"55 - 65","35 - 45","35 - 45","2026-02-26T06:08:21.795Z","أحمر","أحمر","أحمر","أخضر","أحمر","أحمر","أحمر","50 - 60","40 - 50","70 - 80","70 - 80"
"55 - 65","35 - 45","35 - 45","2026-02-26T06:13:21.656Z","أحمر","أحمر","أحمر","أخضر","أحمر","أحمر","أحمر","50 - 60","40 - 50","70 - 80","70 - 80"
"55 - 65","35 - 45","35 - 45","2026-02-26T06:18:22.541Z","أحمر","أحمر","أحمر","أخضر","أحمر","أحمر","أحمر","50 - 60","40 - 50","70 - 80","70 - 80"
"55 - 65","35 - 45","35 - 45","2026-02-26T06:23:21.688Z","أحمر","أحمر","أحمر","أخضر","أحمر","أحمر","أحمر","50 - 60","40 - 50","70 - 80","70 - 80"
"55 - 65","35 - 45","35 - 45","2026-02-26T06:28:21.699Z","أحمر","أحمر","أحمر","أخضر","أحمر","أحمر","أحمر","50 - 60","40 - 50","70 - 80","70 - 80"
"55 - 65","35 - 45","35 - 45","2026-02-26T06:33:22.427Z","أحمر","أحمر","أحمر","أخضر","أحمر","أحمر","أحمر","50 - 60","40 - 50","70 - 80","70 - 80"
"55 - 65","35 - 45","35 - 45","2026-02-26T06:38:21.791Z","أحمر","أحمر","أحمر","أخضر","أحمر","أحمر","أحمر","50 - 60","40 - 50","70 - 80","70 - 80"
"55 - 65","35 - 45","35 - 45","2026-02-26T06:43:21.672Z","أحمر","أحمر","أحمر","أخضر","أحمر","أحمر","أحمر","50 - 60","40 - 50","70 - 80","70 - 80"
"55 - 65","35 - 45","35 - 45","2026-02-26T06:48:23.007Z","أحمر","أحمر","أحمر","أخضر","أحمر","أحمر","أحمر","50 - 60","40 - 50","70 - 80","70 - 80"
"55 - 65","35 - 45","35 - 45","2026-02-26T06:53:21.737Z","أحمر","أحمر","أحمر","أخضر","أحمر","أحمر","أحمر","50 - 60","40 - 50","70 - 80","70 - 80"
"55 - 65","35 - 45","35 - 45","2026-02-26T06:58:21.722Z","أحمر","أحمر","أحمر","أخضر","أحمر","أحمر","أحمر","50 - 60","40 - 50","70 - 80","70 - 80"
"55 - 65","35 - 45","35 - 45","2026-02-26T07:03:22.201Z","أحمر","أحمر","أحمر","أخضر","أحمر","أحمر","أحمر","50 - 60","40 - 50","70 - 80","70 - 80"
"55 - 65","35 - 45","35 - 45","2026-02-26T07:08:21.839Z","أحمر","أحمر","أحمر","أخضر","أحمر","أحمر","أحمر","50 - 60","40 - 50","70 - 80","70 - 80"
"55 - 65","35 - 45","35 - 45","2026-02-26T07:13:21.710Z","أحمر","أحمر","أحمر","أخضر","أحمر","أحمر","أحمر","50 - 60","40 - 50","70 - 80","70 - 80"
"55 - 65","35 - 45","35 - 45","2026-02-26T07:18:22.395Z","أحمر","أحمر","أحمر","أخضر","أحمر","أحمر","أحمر","50 - 60","40 - 50","70 - 80","70 - 80"
"55 - 65","35 - 45","35 - 45","2026-02-26T07:23:21.924Z","أحمر","أحمر","أحمر","أخضر","أحمر","أحمر","أحمر","50 - 60","40 - 50","70 - 80","70 - 80"
"55 - 65","35 - 45","35 - 45","2026-02-26T07:28:21.701Z","أحمر","أحمر","أحمر","أخضر","أحمر","أحمر","أحمر","50 - 60","40 - 50","70 - 80","70 - 80"
"55 - 65","35 - 45","35 - 45","2026-02-26T07:33:22.319Z","أحمر","أحمر","أحمر","أخضر","أحمر","أحمر","أحمر","50 - 60","40 - 50","70 - 80","70 - 80"
"55 - 65","35 - 45","35 - 45","2026-02-26T07:38:21.822Z","أحمر","أحمر","أحمر","أخضر","أحمر","أحمر","أحمر","50 - 60","40 - 50","70 - 80","70 - 80"
"55 - 65","35 - 45","35 - 45","2026-02-26T07:43:21.744Z","أحمر","أحمر","أحمر","أخضر","أحمر","أحمر","أحمر","50 - 60","40 - 50","70 - 80","70 - 80"
"55 - 65","35 - 45","35 - 45","2026-02-26T07:48:22.262Z","أحمر","أحمر","أحمر","أخضر","أحمر","أحمر","أحمر","50 - 60","40 - 50","70 - 80","70 - 80"
"55 - 65","35 - 45","35 - 45","2026-02-26T07:53:21.747Z","أحمر","أحمر","أحمر","أخضر","أحمر","أحمر","أحمر","50 - 60","40 - 50","70 - 80","70 - 80"
"55 - 65","35 - 45","35 - 45","2026-02-26T07:58:21.662Z","أحمر","أحمر","أحمر","أخضر","أحمر","أحمر","أحمر","50 - 60","40 - 50","70 - 80","70 - 80"
"55 - 65","35 - 45","35 - 45","2026-02-26T08:03:22.829Z","أحمر","أحمر","أحمر","أخضر","أحمر","أحمر","أحمر","50 - 60","40 - 50","70 - 80","70 - 80"
"45 - 55","35 - 45","25 - 35","2026-02-26T08:08:21.967Z","أحمر","أحمر","أخضر","rgba(72, 79, 87, 0.7)","أحمر","أحمر","أحمر","غير متاح","55 - 65","70 - 80","70 - 80"
"45 - 55","35 - 45","25 - 35","2026-02-26T08:13:21.771Z","أحمر","أحمر","أخضر","rgba(72, 79, 87, 0.7)","أحمر","أحمر","أحمر","غير متاح","55 - 65","70 - 80","70 - 80"
"45 - 55","35 - 45","25 - 35","2026-02-26T08:18:22.355Z","أحمر","أحمر","أخضر","rgba(72, 79, 87, 0.7)","أحمر","أحمر","أحمر","غير متاح","55 - 65","70 - 80","70 - 80"
"45 - 55","35 - 45","25 - 35","2026-02-26T08:23:21.773Z","أحمر","أحمر","أخضر","rgba(72, 79, 87, 0.7)","أحمر","أحمر","أحمر","غير متاح","55 - 65","70 - 80","70 - 80"
"45 - 55","35 - 45","25 - 35","2026-02-26T08:28:21.887Z","أحمر","أحمر","أخضر","rgba(72, 79, 87, 0.7)","أحمر","أحمر","أحمر","غير متاح","55 - 65","70 - 80","70 - 80"
"45 - 55","35 - 45","25 - 35","2026-02-26T08:33:22.290Z","أحمر","أحمر","أخضر","rgba(72, 79, 87, 0.7)","أحمر","أحمر","أحمر","غير متاح","55 - 65","70 - 80","70 - 80"
"45 - 55","35 - 45","25 - 35","2026-02-26T08:38:21.842Z","أحمر","أحمر","أخضر","rgba(72, 79, 87, 0.7)","أحمر","أحمر","أحمر","غير متاح","55 - 65","70 - 80","70 - 80"
"45 - 55","35 - 45","25 - 35","2026-02-26T08:43:21.823Z","أحمر","أحمر","أخضر","rgba(72, 79, 87, 0.7)","أحمر","أحمر","أحمر","غير متاح","55 - 65","70 - 80","70 - 80"
"45 - 55","35 - 45","25 - 35","2026-02-26T08:48:22.905Z","أحمر","أحمر","أخضر","rgba(72, 79, 87, 0.7)","أحمر","أحمر","أحمر","غير متاح","55 - 65","70 - 80","70 - 80"
"45 - 55","35 - 45","25 - 35","2026-02-26T08:53:21.870Z","أحمر","أحمر","أخضر","rgba(72, 79, 87, 0.7)","أحمر","أحمر","أحمر","غير متاح","55 - 65","70 - 80","70 - 80"
"45 - 55","35 - 45","25 - 35","2026-02-26T08:58:21.729Z","أحمر","أحمر","أخضر","rgba(72, 79, 87, 0.7)","أحمر","أحمر","أحمر","غير متاح","55 - 65","70 - 80","70 - 80"
"45 - 55","35 - 45","25 - 35","2026-02-26T09:03:22.599Z","أحمر","أحمر","أخضر","rgba(72, 79, 87, 0.7)","أحمر","أحمر","أحمر","غير متاح","55 - 65","70 - 80","70 - 80"
"55 - 65","35 - 45","25 - 35","2026-02-26T09:08:21.956Z","أحمر","أحمر","أخضر","rgba(72, 79, 87, 0.7)","أحمر","أحمر","أحمر","غير متاح","55 - 65","70 - 80","70 - 80"
"55 - 65","35 - 45","25 - 35","2026-02-26T09:13:22.185Z","أحمر","أحمر","أخضر","rgba(72, 79, 87, 0.7)","أحمر","أحمر","أحمر","غير متاح","55 - 65","70 - 80","70 - 80"
"55 - 65","35 - 45","25 - 35","2026-02-26T09:18:22.696Z","أحمر","أحمر","أخضر","rgba(72, 79, 87, 0.7)","أحمر","أحمر","أحمر","غير متاح","55 - 65","70 - 80","70 - 80"
"55 - 65","35 - 45","25 - 35","2026-02-26T09:23:21.804Z","أحمر","أحمر","أخضر","rgba(72, 79, 87, 0.7)","أحمر","أحمر","أحمر","غير متاح","55 - 65","70 - 80","70 - 80"
"55 - 65","35 - 45","25 - 35","2026-02-26T09:28:21.769Z","أحمر","أحمر","أخضر","rgba(72, 79, 87, 0.7)","أحمر","أحمر","أحمر","غير متاح","55 - 65","70 - 80","70 - 80"
"55 - 65","35 - 45","25 - 35","2026-02-26T09:33:22.380Z","أحمر","أحمر","أخضر","rgba(72, 79, 87, 0.7)","أحمر","أحمر","أحمر","غير متاح","55 - 65","70 - 80","70 - 80"
"55 - 65","35 - 45","25 - 35","2026-02-26T09:38:21.794Z","أحمر","أحمر","أخضر","rgba(72, 79, 87, 0.7)","أحمر","أحمر","أحمر","غير متاح","55 - 65","70 - 80","70 - 80"
"55 - 65","35 - 45","25 - 35","2026-02-26T09:43:21.753Z","أحمر","أحمر","أخضر","rgba(72, 79, 87, 0.7)","أحمر","أحمر","أحمر","غير متاح","55 - 65","70 - 80","70 - 80"
"55 - 65","35 - 45","25 - 35","2026-02-26T09:48:22.877Z","أحمر","أحمر","أخضر","rgba(72, 79, 87, 0.7)","أحمر","أحمر","أحمر","غير متاح","55 - 65","70 - 80","70 - 80"
"55 - 65","35 - 45","25 - 35","2026-02-26T09:53:21.741Z","أحمر","أحمر","أخضر","rgba(72, 79, 87, 0.7)","أحمر","أحمر","أحمر","غير متاح","55 - 65","70 - 80","70 - 80"
"55 - 65","35 - 45","25 - 35","2026-02-26T09:58:21.809Z","أحمر","أحمر","أخضر","rgba(72, 79, 87, 0.7)","أحمر","أحمر","أحمر","غير متاح","55 - 65","70 - 80","70 - 80"
"55 - 65","35 - 45","25 - 35","2026-02-26T10:03:22.249Z","أحمر","أحمر","أخضر","rgba(72, 79, 87, 0.7)","أحمر","أحمر","أحمر","غير متاح","55 - 65","70 - 80","70 - 80"